habitat,fate,product,species_group,years_since_harvest,proportion
1,in_use,pulpwood,softwood,1,0.5703
1,in_use,pulpwood,softwood,2,0.5012
1,in_use,pulpwood,softwood,3,0.4424
1,in_use,pulpwood,softwood,4,0.3926
1,in_use,pulpwood,softwood,5,0.3502
1,in_use,pulpwood,softwood,6,0.3141
1,in_use,pulpwood,softwood,7,0.2820
1,in_use,pulpwood,softwood,8,0.2539
1,in_use,pulpwood,softwood,9,0.2278
1,in_use,pulpwood,softwood,10,0.2042
1,in_use,pulpwood,softwood,11,0.1840
1,in_use,pulpwood,softwood,12,0.1675
1,in_use,pulpwood,softwood,13,0.1543
1,in_use,pulpwood,softwood,14,0.1438
1,in_use,pulpwood,softwood,15,0.1354
1,in_use,pulpwood,softwood,16,0.1286
1,in_use,pulpwood,softwood,17,0.1231
1,in_use,pulpwood,softwood,18,0.1186
1,in_use,pulpwood,softwood,19,0.1148
1,in_use,pulpwood,softwood,20,0.1112
1,in_use,pulpwood,softwood,21,0.1083
1,in_use,pulpwood,softwood,22,0.1058
1,in_use,pulpwood,softwood,23,0.1038
1,in_use,pulpwood,softwood,24,0.1021
1,in_use,pulpwood,softwood,25,0.1005
1,in_use,pulpwood,softwood,26,0.0990
1,in_use,pulpwood,softwood,27,0.0976
1,in_use,pulpwood,softwood,28,0.0963
1,in_use,pulpwood,softwood,29,0.0950
1,in_use,pulpwood,softwood,30,0.0938
1,in_use,pulpwood,softwood,31,0.0927
1,in_use,pulpwood,softwood,32,0.0916
1,in_use,pulpwood,softwood,33,0.0905
1,in_use,pulpwood,softwood,34,0.0895
1,in_use,pulpwood,softwood,35,0.0885
1,in_use,pulpwood,softwood,36,0.0875
1,in_use,pulpwood,softwood,37,0.0865
1,in_use,pulpwood,softwood,38,0.0856
1,in_use,pulpwood,softwood,39,0.0846
1,in_use,pulpwood,softwood,40,0.0837
1,in_use,pulpwood,softwood,41,0.0828
1,in_use,pulpwood,softwood,42,0.0820
1,in_use,pulpwood,softwood,43,0.0811
1,in_use,pulpwood,softwood,44,0.0803
1,in_use,pulpwood,softwood,45,0.0795
1,in_use,pulpwood,softwood,46,0.0786
1,in_use,pulpwood,softwood,47,0.0779
1,in_use,pulpwood,softwood,48,0.0771
1,in_use,pulpwood,softwood,49,0.0763
1,in_use,pulpwood,softwood,50,0.0755
1,in_use,pulpwood,softwood,51,0.0748
1,in_use,pulpwood,softwood,52,0.0741
1,in_use,pulpwood,softwood,53,0.0734
1,in_use,pulpwood,softwood,54,0.0726
1,in_use,pulpwood,softwood,55,0.0719
1,in_use,pulpwood,softwood,56,0.0713
1,in_use,pulpwood,softwood,57,0.0706
1,in_use,pulpwood,softwood,58,0.0699
1,in_use,pulpwood,softwood,59,0.0693
1,in_use,pulpwood,softwood,60,0.0686
1,in_use,pulpwood,softwood,61,0.0680
1,in_use,pulpwood,softwood,62,0.0673
1,in_use,pulpwood,softwood,63,0.0667
1,in_use,pulpwood,softwood,64,0.0661
1,in_use,pulpwood,softwood,65,0.0655
1,in_use,pulpwood,softwood,66,0.0649
1,in_use,pulpwood,softwood,67,0.0643
1,in_use,pulpwood,softwood,68,0.0637
1,in_use,pulpwood,softwood,69,0.0631
1,in_use,pulpwood,softwood,70,0.0626
1,in_use,pulpwood,softwood,71,0.0620
1,in_use,pulpwood,softwood,72,0.0615
1,in_use,pulpwood,softwood,73,0.0609
1,in_use,pulpwood,softwood,74,0.0604
1,in_use,pulpwood,softwood,75,0.0599
1,in_use,pulpwood,softwood,76,0.0593
1,in_use,pulpwood,softwood,77,0.0588
1,in_use,pulpwood,softwood,78,0.0583
1,in_use,pulpwood,softwood,79,0.0578
1,in_use,pulpwood,softwood,80,0.0573
1,in_use,pulpwood,softwood,81,0.0568
1,in_use,pulpwood,softwood,82,0.0563
1,in_use,pulpwood,softwood,83,0.0558
1,in_use,pulpwood,softwood,84,0.0553
1,in_use,pulpwood,softwood,85,0.0549
1,in_use,pulpwood,softwood,86,0.0544
1,in_use,pulpwood,softwood,87,0.0539
1,in_use,pulpwood,softwood,88,0.0535
1,in_use,pulpwood,softwood,89,0.0530
1,in_use,pulpwood,softwood,90,0.0526
1,in_use,pulpwood,softwood,91,0.0521
1,in_use,pulpwood,softwood,92,0.0517
1,in_use,pulpwood,softwood,93,0.0513
1,in_use,pulpwood,softwood,94,0.0508
1,in_use,pulpwood,softwood,95,0.0504
1,in_use,pulpwood,softwood,96,0.0500
1,in_use,pulpwood,softwood,97,0.0496
1,in_use,pulpwood,softwood,98,0.0492
1,in_use,pulpwood,softwood,99,0.0488
1,in_use,pulpwood,softwood,100,0.0484
1,in_use,pulpwood,softwood,101,0.0480
1,landfill,pulpwood,softwood,1,0.0000
1,landfill,pulpwood,softwood,2,0.0237
1,landfill,pulpwood,softwood,3,0.0433
1,landfill,pulpwood,softwood,4,0.0594
1,landfill,pulpwood,softwood,5,0.0727
1,landfill,pulpwood,softwood,6,0.0836
1,landfill,pulpwood,softwood,7,0.0929
1,landfill,pulpwood,softwood,8,0.1007
1,landfill,pulpwood,softwood,9,0.1076
1,landfill,pulpwood,softwood,10,0.1136
1,landfill,pulpwood,softwood,11,0.1184
1,landfill,pulpwood,softwood,12,0.1219
1,landfill,pulpwood,softwood,13,0.1243
1,landfill,pulpwood,softwood,14,0.1257
1,landfill,pulpwood,softwood,15,0.1265
1,landfill,pulpwood,softwood,16,0.1268
1,landfill,pulpwood,softwood,17,0.1267
1,landfill,pulpwood,softwood,18,0.1263
1,landfill,pulpwood,softwood,19,0.1258
1,landfill,pulpwood,softwood,20,0.1252
1,landfill,pulpwood,softwood,21,0.1245
1,landfill,pulpwood,softwood,22,0.1238
1,landfill,pulpwood,softwood,23,0.1229
1,landfill,pulpwood,softwood,24,0.1220
1,landfill,pulpwood,softwood,25,0.1212
1,landfill,pulpwood,softwood,26,0.1203
1,landfill,pulpwood,softwood,27,0.1195
1,landfill,pulpwood,softwood,28,0.1188
1,landfill,pulpwood,softwood,29,0.1180
1,landfill,pulpwood,softwood,30,0.1173
1,landfill,pulpwood,softwood,31,0.1167
1,landfill,pulpwood,softwood,32,0.1161
1,landfill,pulpwood,softwood,33,0.1155
1,landfill,pulpwood,softwood,34,0.1149
1,landfill,pulpwood,softwood,35,0.1144
1,landfill,pulpwood,softwood,36,0.1140
1,landfill,pulpwood,softwood,37,0.1135
1,landfill,pulpwood,softwood,38,0.1131
1,landfill,pulpwood,softwood,39,0.1127
1,landfill,pulpwood,softwood,40,0.1124
1,landfill,pulpwood,softwood,41,0.1121
1,landfill,pulpwood,softwood,42,0.1118
1,landfill,pulpwood,softwood,43,0.1115
1,landfill,pulpwood,softwood,44,0.1113
1,landfill,pulpwood,softwood,45,0.1111
1,landfill,pulpwood,softwood,46,0.1109
1,landfill,pulpwood,softwood,47,0.1107
1,landfill,pulpwood,softwood,48,0.1105
1,landfill,pulpwood,softwood,49,0.1104
1,landfill,pulpwood,softwood,50,0.1103
1,landfill,pulpwood,softwood,51,0.1102
1,landfill,pulpwood,softwood,52,0.1101
1,landfill,pulpwood,softwood,53,0.1100
1,landfill,pulpwood,softwood,54,0.1099
1,landfill,pulpwood,softwood,55,0.1099
1,landfill,pulpwood,softwood,56,0.1098
1,landfill,pulpwood,softwood,57,0.1098
1,landfill,pulpwood,softwood,58,0.1098
1,landfill,pulpwood,softwood,59,0.1098
1,landfill,pulpwood,softwood,60,0.1098
1,landfill,pulpwood,softwood,61,0.1098
1,landfill,pulpwood,softwood,62,0.1099
1,landfill,pulpwood,softwood,63,0.1099
1,landfill,pulpwood,softwood,64,0.1100
1,landfill,pulpwood,softwood,65,0.1100
1,landfill,pulpwood,softwood,66,0.1101
1,landfill,pulpwood,softwood,67,0.1101
1,landfill,pulpwood,softwood,68,0.1102
1,landfill,pulpwood,softwood,69,0.1103
1,landfill,pulpwood,softwood,70,0.1104
1,landfill,pulpwood,softwood,71,0.1105
1,landfill,pulpwood,softwood,72,0.1106
1,landfill,pulpwood,softwood,73,0.1107
1,landfill,pulpwood,softwood,74,0.1108
1,landfill,pulpwood,softwood,75,0.1109
1,landfill,pulpwood,softwood,76,0.1110
1,landfill,pulpwood,softwood,77,0.1111
1,landfill,pulpwood,softwood,78,0.1112
1,landfill,pulpwood,softwood,79,0.1113
1,landfill,pulpwood,softwood,80,0.1115
1,landfill,pulpwood,softwood,81,0.1116
1,landfill,pulpwood,softwood,82,0.1117
1,landfill,pulpwood,softwood,83,0.1119
1,landfill,pulpwood,softwood,84,0.1120
1,landfill,pulpwood,softwood,85,0.1121
1,landfill,pulpwood,softwood,86,0.1123
1,landfill,pulpwood,softwood,87,0.1124
1,landfill,pulpwood,softwood,88,0.1125
1,landfill,pulpwood,softwood,89,0.1127
1,landfill,pulpwood,softwood,90,0.1128
1,landfill,pulpwood,softwood,91,0.1130
1,landfill,pulpwood,softwood,92,0.1131
1,landfill,pulpwood,softwood,93,0.1133
1,landfill,pulpwood,softwood,94,0.1134
1,landfill,pulpwood,softwood,95,0.1136
1,landfill,pulpwood,softwood,96,0.1137
1,landfill,pulpwood,softwood,97,0.1138
1,landfill,pulpwood,softwood,98,0.1140
1,landfill,pulpwood,softwood,99,0.1141
1,landfill,pulpwood,softwood,100,0.1143
1,landfill,pulpwood,softwood,101,0.1144
1,energy,pulpwood,softwood,1,0.2660
1,energy,pulpwood,softwood,2,0.2897
1,energy,pulpwood,softwood,3,0.3116
1,energy,pulpwood,softwood,4,0.3303
1,energy,pulpwood,softwood,5,0.3464
1,energy,pulpwood,softwood,6,0.3602
1,energy,pulpwood,softwood,7,0.3725
1,energy,pulpwood,softwood,8,0.3834
1,energy,pulpwood,softwood,9,0.3936
1,energy,pulpwood,softwood,10,0.4030
1,energy,pulpwood,softwood,11,0.4110
1,energy,pulpwood,softwood,12,0.4177
1,energy,pulpwood,softwood,13,0.4230
1,energy,pulpwood,softwood,14,0.4274
1,energy,pulpwood,softwood,15,0.4309
1,energy,pulpwood,softwood,16,0.4337
1,energy,pulpwood,softwood,17,0.4361
1,energy,pulpwood,softwood,18,0.4381
1,energy,pulpwood,softwood,19,0.4397
1,energy,pulpwood,softwood,20,0.4413
1,energy,pulpwood,softwood,21,0.4426
1,energy,pulpwood,softwood,22,0.4436
1,energy,pulpwood,softwood,23,0.4445
1,energy,pulpwood,softwood,24,0.4453
1,energy,pulpwood,softwood,25,0.4459
1,energy,pulpwood,softwood,26,0.4465
1,energy,pulpwood,softwood,27,0.4470
1,energy,pulpwood,softwood,28,0.4475
1,energy,pulpwood,softwood,29,0.4480
1,energy,pulpwood,softwood,30,0.4483
1,energy,pulpwood,softwood,31,0.4487
1,energy,pulpwood,softwood,32,0.4490
1,energy,pulpwood,softwood,33,0.4493
1,energy,pulpwood,softwood,34,0.4495
1,energy,pulpwood,softwood,35,0.4498
1,energy,pulpwood,softwood,36,0.4500
1,energy,pulpwood,softwood,37,0.4501
1,energy,pulpwood,softwood,38,0.4503
1,energy,pulpwood,softwood,39,0.4504
1,energy,pulpwood,softwood,40,0.4505
1,energy,pulpwood,softwood,41,0.4506
1,energy,pulpwood,softwood,42,0.4507
1,energy,pulpwood,softwood,43,0.4507
1,energy,pulpwood,softwood,44,0.4508
1,energy,pulpwood,softwood,45,0.4508
1,energy,pulpwood,softwood,46,0.4508
1,energy,pulpwood,softwood,47,0.4508
1,energy,pulpwood,softwood,48,0.4508
1,energy,pulpwood,softwood,49,0.4508
1,energy,pulpwood,softwood,50,0.4508
1,energy,pulpwood,softwood,51,0.4508
1,energy,pulpwood,softwood,52,0.4508
1,energy,pulpwood,softwood,53,0.4508
1,energy,pulpwood,softwood,54,0.4508
1,energy,pulpwood,softwood,55,0.4508
1,energy,pulpwood,softwood,56,0.4508
1,energy,pulpwood,softwood,57,0.4508
1,energy,pulpwood,softwood,58,0.4508
1,energy,pulpwood,softwood,59,0.4508
1,energy,pulpwood,softwood,60,0.4508
1,energy,pulpwood,softwood,61,0.4508
1,energy,pulpwood,softwood,62,0.4508
1,energy,pulpwood,softwood,63,0.4508
1,energy,pulpwood,softwood,64,0.4508
1,energy,pulpwood,softwood,65,0.4508
1,energy,pulpwood,softwood,66,0.4508
1,energy,pulpwood,softwood,67,0.4508
1,energy,pulpwood,softwood,68,0.4508
1,energy,pulpwood,softwood,69,0.4508
1,energy,pulpwood,softwood,70,0.4508
1,energy,pulpwood,softwood,71,0.4508
1,energy,pulpwood,softwood,72,0.4508
1,energy,pulpwood,softwood,73,0.4508
1,energy,pulpwood,softwood,74,0.4508
1,energy,pulpwood,softwood,75,0.4508
1,energy,pulpwood,softwood,76,0.4508
1,energy,pulpwood,softwood,77,0.4508
1,energy,pulpwood,softwood,78,0.4508
1,energy,pulpwood,softwood,79,0.4508
1,energy,pulpwood,softwood,80,0.4508
1,energy,pulpwood,softwood,81,0.4508
1,energy,pulpwood,softwood,82,0.4508
1,energy,pulpwood,softwood,83,0.4508
1,energy,pulpwood,softwood,84,0.4508
1,energy,pulpwood,softwood,85,0.4508
1,energy,pulpwood,softwood,86,0.4508
1,energy,pulpwood,softwood,87,0.4508
1,energy,pulpwood,softwood,88,0.4508
1,energy,pulpwood,softwood,89,0.4508
1,energy,pulpwood,softwood,90,0.4508
1,energy,pulpwood,softwood,91,0.4508
1,energy,pulpwood,softwood,92,0.4508
1,energy,pulpwood,softwood,93,0.4508
1,energy,pulpwood,softwood,94,0.4508
1,energy,pulpwood,softwood,95,0.4508
1,energy,pulpwood,softwood,96,0.4508
1,energy,pulpwood,softwood,97,0.4508
1,energy,pulpwood,softwood,98,0.4508
1,energy,pulpwood,softwood,99,0.4508
1,energy,pulpwood,softwood,100,0.4508
1,energy,pulpwood,softwood,101,0.4508
1,in_use,sawtimber,softwood,1,0.6288
1,in_use,sawtimber,softwood,2,0.5943
1,in_use,sawtimber,softwood,3,0.5634
1,in_use,sawtimber,softwood,4,0.5360
1,in_use,sawtimber,softwood,5,0.5114
1,in_use,sawtimber,softwood,6,0.4894
1,in_use,sawtimber,softwood,7,0.4691
1,in_use,sawtimber,softwood,8,0.4506
1,in_use,sawtimber,softwood,9,0.4331
1,in_use,sawtimber,softwood,10,0.4168
1,in_use,sawtimber,softwood,11,0.4020
1,in_use,sawtimber,softwood,12,0.3887
1,in_use,sawtimber,softwood,13,0.3767
1,in_use,sawtimber,softwood,14,0.3660
1,in_use,sawtimber,softwood,15,0.3562
1,in_use,sawtimber,softwood,16,0.3472
1,in_use,sawtimber,softwood,17,0.3388
1,in_use,sawtimber,softwood,18,0.3311
1,in_use,sawtimber,softwood,19,0.3238
1,in_use,sawtimber,softwood,20,0.3168
1,in_use,sawtimber,softwood,21,0.3102
1,in_use,sawtimber,softwood,22,0.3040
1,in_use,sawtimber,softwood,23,0.2981
1,in_use,sawtimber,softwood,24,0.2924
1,in_use,sawtimber,softwood,25,0.2870
1,in_use,sawtimber,softwood,26,0.2818
1,in_use,sawtimber,softwood,27,0.2768
1,in_use,sawtimber,softwood,28,0.2720
1,in_use,sawtimber,softwood,29,0.2673
1,in_use,sawtimber,softwood,30,0.2628
1,in_use,sawtimber,softwood,31,0.2584
1,in_use,sawtimber,softwood,32,0.2542
1,in_use,sawtimber,softwood,33,0.2501
1,in_use,sawtimber,softwood,34,0.2461
1,in_use,sawtimber,softwood,35,0.2422
1,in_use,sawtimber,softwood,36,0.2385
1,in_use,sawtimber,softwood,37,0.2348
1,in_use,sawtimber,softwood,38,0.2313
1,in_use,sawtimber,softwood,39,0.2278
1,in_use,sawtimber,softwood,40,0.2245
1,in_use,sawtimber,softwood,41,0.2212
1,in_use,sawtimber,softwood,42,0.2180
1,in_use,sawtimber,softwood,43,0.2149
1,in_use,sawtimber,softwood,44,0.2119
1,in_use,sawtimber,softwood,45,0.2089
1,in_use,sawtimber,softwood,46,0.2060
1,in_use,sawtimber,softwood,47,0.2032
1,in_use,sawtimber,softwood,48,0.2005
1,in_use,sawtimber,softwood,49,0.1978
1,in_use,sawtimber,softwood,50,0.1952
1,in_use,sawtimber,softwood,51,0.1926
1,in_use,sawtimber,softwood,52,0.1901
1,in_use,sawtimber,softwood,53,0.1876
1,in_use,sawtimber,softwood,54,0.1852
1,in_use,sawtimber,softwood,55,0.1829
1,in_use,sawtimber,softwood,56,0.1806
1,in_use,sawtimber,softwood,57,0.1783
1,in_use,sawtimber,softwood,58,0.1761
1,in_use,sawtimber,softwood,59,0.1740
1,in_use,sawtimber,softwood,60,0.1718
1,in_use,sawtimber,softwood,61,0.1698
1,in_use,sawtimber,softwood,62,0.1677
1,in_use,sawtimber,softwood,63,0.1657
1,in_use,sawtimber,softwood,64,0.1638
1,in_use,sawtimber,softwood,65,0.1619
1,in_use,sawtimber,softwood,66,0.1600
1,in_use,sawtimber,softwood,67,0.1581
1,in_use,sawtimber,softwood,68,0.1563
1,in_use,sawtimber,softwood,69,0.1545
1,in_use,sawtimber,softwood,70,0.1528
1,in_use,sawtimber,softwood,71,0.1511
1,in_use,sawtimber,softwood,72,0.1494
1,in_use,sawtimber,softwood,73,0.1477
1,in_use,sawtimber,softwood,74,0.1461
1,in_use,sawtimber,softwood,75,0.1445
1,in_use,sawtimber,softwood,76,0.1429
1,in_use,sawtimber,softwood,77,0.1413
1,in_use,sawtimber,softwood,78,0.1398
1,in_use,sawtimber,softwood,79,0.1383
1,in_use,sawtimber,softwood,80,0.1368
1,in_use,sawtimber,softwood,81,0.1354
1,in_use,sawtimber,softwood,82,0.1339
1,in_use,sawtimber,softwood,83,0.1325
1,in_use,sawtimber,softwood,84,0.1311
1,in_use,sawtimber,softwood,85,0.1298
1,in_use,sawtimber,softwood,86,0.1284
1,in_use,sawtimber,softwood,87,0.1271
1,in_use,sawtimber,softwood,88,0.1258
1,in_use,sawtimber,softwood,89,0.1245
1,in_use,sawtimber,softwood,90,0.1232
1,in_use,sawtimber,softwood,91,0.1220
1,in_use,sawtimber,softwood,92,0.1207
1,in_use,sawtimber,softwood,93,0.1195
1,in_use,sawtimber,softwood,94,0.1183
1,in_use,sawtimber,softwood,95,0.1171
1,in_use,sawtimber,softwood,96,0.1160
1,in_use,sawtimber,softwood,97,0.1148
1,in_use,sawtimber,softwood,98,0.1137
1,in_use,sawtimber,softwood,99,0.1126
1,in_use,sawtimber,softwood,100,0.1115
1,in_use,sawtimber,softwood,101,0.1104
1,landfill,sawtimber,softwood,1,0.0000
1,landfill,sawtimber,softwood,2,0.0160
1,landfill,sawtimber,softwood,3,0.0303
1,landfill,sawtimber,softwood,4,0.0431
1,landfill,sawtimber,softwood,5,0.0545
1,landfill,sawtimber,softwood,6,0.0648
1,landfill,sawtimber,softwood,7,0.0741
1,landfill,sawtimber,softwood,8,0.0826
1,landfill,sawtimber,softwood,9,0.0905
1,landfill,sawtimber,softwood,10,0.0977
1,landfill,sawtimber,softwood,11,0.1043
1,landfill,sawtimber,softwood,12,0.1102
1,landfill,sawtimber,softwood,13,0.1155
1,landfill,sawtimber,softwood,14,0.1203
1,landfill,sawtimber,softwood,15,0.1246
1,landfill,sawtimber,softwood,16,0.1286
1,landfill,sawtimber,softwood,17,0.1322
1,landfill,sawtimber,softwood,18,0.1356
1,landfill,sawtimber,softwood,19,0.1388
1,landfill,sawtimber,softwood,20,0.1418
1,landfill,sawtimber,softwood,21,0.1446
1,landfill,sawtimber,softwood,22,0.1472
1,landfill,sawtimber,softwood,23,0.1496
1,landfill,sawtimber,softwood,24,0.1520
1,landfill,sawtimber,softwood,25,0.1542
1,landfill,sawtimber,softwood,26,0.1563
1,landfill,sawtimber,softwood,27,0.1584
1,landfill,sawtimber,softwood,28,0.1603
1,landfill,sawtimber,softwood,29,0.1622
1,landfill,sawtimber,softwood,30,0.1640
1,landfill,sawtimber,softwood,31,0.1657
1,landfill,sawtimber,softwood,32,0.1674
1,landfill,sawtimber,softwood,33,0.1690
1,landfill,sawtimber,softwood,34,0.1706
1,landfill,sawtimber,softwood,35,0.1720
1,landfill,sawtimber,softwood,36,0.1735
1,landfill,sawtimber,softwood,37,0.1749
1,landfill,sawtimber,softwood,38,0.1763
1,landfill,sawtimber,softwood,39,0.1776
1,landfill,sawtimber,softwood,40,0.1789
1,landfill,sawtimber,softwood,41,0.1801
1,landfill,sawtimber,softwood,42,0.1813
1,landfill,sawtimber,softwood,43,0.1825
1,landfill,sawtimber,softwood,44,0.1836
1,landfill,sawtimber,softwood,45,0.1848
1,landfill,sawtimber,softwood,46,0.1858
1,landfill,sawtimber,softwood,47,0.1869
1,landfill,sawtimber,softwood,48,0.1879
1,landfill,sawtimber,softwood,49,0.1890
1,landfill,sawtimber,softwood,50,0.1900
1,landfill,sawtimber,softwood,51,0.1909
1,landfill,sawtimber,softwood,52,0.1919
1,landfill,sawtimber,softwood,53,0.1928
1,landfill,sawtimber,softwood,54,0.1937
1,landfill,sawtimber,softwood,55,0.1946
1,landfill,sawtimber,softwood,56,0.1955
1,landfill,sawtimber,softwood,57,0.1963
1,landfill,sawtimber,softwood,58,0.1972
1,landfill,sawtimber,softwood,59,0.1980
1,landfill,sawtimber,softwood,60,0.1988
1,landfill,sawtimber,softwood,61,0.1996
1,landfill,sawtimber,softwood,62,0.2004
1,landfill,sawtimber,softwood,63,0.2012
1,landfill,sawtimber,softwood,64,0.2019
1,landfill,sawtimber,softwood,65,0.2027
1,landfill,sawtimber,softwood,66,0.2034
1,landfill,sawtimber,softwood,67,0.2041
1,landfill,sawtimber,softwood,68,0.2048
1,landfill,sawtimber,softwood,69,0.2055
1,landfill,sawtimber,softwood,70,0.2062
1,landfill,sawtimber,softwood,71,0.2069
1,landfill,sawtimber,softwood,72,0.2076
1,landfill,sawtimber,softwood,73,0.2082
1,landfill,sawtimber,softwood,74,0.2089
1,landfill,sawtimber,softwood,75,0.2095
1,landfill,sawtimber,softwood,76,0.2102
1,landfill,sawtimber,softwood,77,0.2108
1,landfill,sawtimber,softwood,78,0.2114
1,landfill,sawtimber,softwood,79,0.2120
1,landfill,sawtimber,softwood,80,0.2126
1,landfill,sawtimber,softwood,81,0.2132
1,landfill,sawtimber,softwood,82,0.2138
1,landfill,sawtimber,softwood,83,0.2144
1,landfill,sawtimber,softwood,84,0.2150
1,landfill,sawtimber,softwood,85,0.2155
1,landfill,sawtimber,softwood,86,0.2161
1,landfill,sawtimber,softwood,87,0.2166
1,landfill,sawtimber,softwood,88,0.2172
1,landfill,sawtimber,softwood,89,0.2177
1,landfill,sawtimber,softwood,90,0.2182
1,landfill,sawtimber,softwood,91,0.2188
1,landfill,sawtimber,softwood,92,0.2193
1,landfill,sawtimber,softwood,93,0.2198
1,landfill,sawtimber,softwood,94,0.2203
1,landfill,sawtimber,softwood,95,0.2208
1,landfill,sawtimber,softwood,96,0.2213
1,landfill,sawtimber,softwood,97,0.2218
1,landfill,sawtimber,softwood,98,0.2223
1,landfill,sawtimber,softwood,99,0.2227
1,landfill,sawtimber,softwood,100,0.2232
1,landfill,sawtimber,softwood,101,0.2237
1,energy,sawtimber,softwood,1,0.2278
1,energy,sawtimber,softwood,2,0.2370
1,energy,sawtimber,softwood,3,0.2458
1,energy,sawtimber,softwood,4,0.2536
1,energy,sawtimber,softwood,5,0.2605
1,energy,sawtimber,softwood,6,0.2667
1,energy,sawtimber,softwood,7,0.2723
1,energy,sawtimber,softwood,8,0.2775
1,energy,sawtimber,softwood,9,0.2823
1,energy,sawtimber,softwood,10,0.2869
1,energy,sawtimber,softwood,11,0.2909
1,energy,sawtimber,softwood,12,0.2945
1,energy,sawtimber,softwood,13,0.2977
1,energy,sawtimber,softwood,14,0.3004
1,energy,sawtimber,softwood,15,0.3029
1,energy,sawtimber,softwood,16,0.3051
1,energy,sawtimber,softwood,17,0.3071
1,energy,sawtimber,softwood,18,0.3090
1,energy,sawtimber,softwood,19,0.3107
1,energy,sawtimber,softwood,20,0.3123
1,energy,sawtimber,softwood,21,0.3138
1,energy,sawtimber,softwood,22,0.3152
1,energy,sawtimber,softwood,23,0.3166
1,energy,sawtimber,softwood,24,0.3178
1,energy,sawtimber,softwood,25,0.3190
1,energy,sawtimber,softwood,26,0.3201
1,energy,sawtimber,softwood,27,0.3212
1,energy,sawtimber,softwood,28,0.3222
1,energy,sawtimber,softwood,29,0.3231
1,energy,sawtimber,softwood,30,0.3241
1,energy,sawtimber,softwood,31,0.3250
1,energy,sawtimber,softwood,32,0.3258
1,energy,sawtimber,softwood,33,0.3266
1,energy,sawtimber,softwood,34,0.3274
1,energy,sawtimber,softwood,35,0.3282
1,energy,sawtimber,softwood,36,0.3289
1,energy,sawtimber,softwood,37,0.3295
1,energy,sawtimber,softwood,38,0.3302
1,energy,sawtimber,softwood,39,0.3308
1,energy,sawtimber,softwood,40,0.3314
1,energy,sawtimber,softwood,41,0.3320
1,energy,sawtimber,softwood,42,0.3325
1,energy,sawtimber,softwood,43,0.3330
1,energy,sawtimber,softwood,44,0.3335
1,energy,sawtimber,softwood,45,0.3340
1,energy,sawtimber,softwood,46,0.3344
1,energy,sawtimber,softwood,47,0.3349
1,energy,sawtimber,softwood,48,0.3353
1,energy,sawtimber,softwood,49,0.3357
1,energy,sawtimber,softwood,50,0.3360
1,energy,sawtimber,softwood,51,0.3364
1,energy,sawtimber,softwood,52,0.3367
1,energy,sawtimber,softwood,53,0.3370
1,energy,sawtimber,softwood,54,0.3373
1,energy,sawtimber,softwood,55,0.3376
1,energy,sawtimber,softwood,56,0.3378
1,energy,sawtimber,softwood,57,0.3381
1,energy,sawtimber,softwood,58,0.3383
1,energy,sawtimber,softwood,59,0.3385
1,energy,sawtimber,softwood,60,0.3387
1,energy,sawtimber,softwood,61,0.3389
1,energy,sawtimber,softwood,62,0.3391
1,energy,sawtimber,softwood,63,0.3393
1,energy,sawtimber,softwood,64,0.3394
1,energy,sawtimber,softwood,65,0.3396
1,energy,sawtimber,softwood,66,0.3397
1,energy,sawtimber,softwood,67,0.3398
1,energy,sawtimber,softwood,68,0.3399
1,energy,sawtimber,softwood,69,0.3400
1,energy,sawtimber,softwood,70,0.3401
1,energy,sawtimber,softwood,71,0.3402
1,energy,sawtimber,softwood,72,0.3402
1,energy,sawtimber,softwood,73,0.3403
1,energy,sawtimber,softwood,74,0.3404
1,energy,sawtimber,softwood,75,0.3404
1,energy,sawtimber,softwood,76,0.3404
1,energy,sawtimber,softwood,77,0.3405
1,energy,sawtimber,softwood,78,0.3405
1,energy,sawtimber,softwood,79,0.3405
1,energy,sawtimber,softwood,80,0.3405
1,energy,sawtimber,softwood,81,0.3405
1,energy,sawtimber,softwood,82,0.3405
1,energy,sawtimber,softwood,83,0.3405
1,energy,sawtimber,softwood,84,0.3405
1,energy,sawtimber,softwood,85,0.3405
1,energy,sawtimber,softwood,86,0.3405
1,energy,sawtimber,softwood,87,0.3405
1,energy,sawtimber,softwood,88,0.3405
1,energy,sawtimber,softwood,89,0.3405
1,energy,sawtimber,softwood,90,0.3405
1,energy,sawtimber,softwood,91,0.3405
1,energy,sawtimber,softwood,92,0.3405
1,energy,sawtimber,softwood,93,0.3405
1,energy,sawtimber,softwood,94,0.3405
1,energy,sawtimber,softwood,95,0.3405
1,energy,sawtimber,softwood,96,0.3405
1,energy,sawtimber,softwood,97,0.3405
1,energy,sawtimber,softwood,98,0.3405
1,energy,sawtimber,softwood,99,0.3405
1,energy,sawtimber,softwood,100,0.3405
1,energy,sawtimber,softwood,101,0.3405
1,in_use,pulpwood,hardwood,1,0.5808
1,in_use,pulpwood,hardwood,2,0.5130
1,in_use,pulpwood,hardwood,3,0.4553
1,in_use,pulpwood,hardwood,4,0.4063
1,in_use,pulpwood,hardwood,5,0.3647
1,in_use,pulpwood,hardwood,6,0.3292
1,in_use,pulpwood,hardwood,7,0.2976
1,in_use,pulpwood,hardwood,8,0.2699
1,in_use,pulpwood,hardwood,9,0.2442
1,in_use,pulpwood,hardwood,10,0.2208
1,in_use,pulpwood,hardwood,11,0.2008
1,in_use,pulpwood,hardwood,12,0.1845
1,in_use,pulpwood,hardwood,13,0.1713
1,in_use,pulpwood,hardwood,14,0.1608
1,in_use,pulpwood,hardwood,15,0.1524
1,in_use,pulpwood,hardwood,16,0.1456
1,in_use,pulpwood,hardwood,17,0.1400
1,in_use,pulpwood,hardwood,18,0.1353
1,in_use,pulpwood,hardwood,19,0.1314
1,in_use,pulpwood,hardwood,20,0.1277
1,in_use,pulpwood,hardwood,21,0.1246
1,in_use,pulpwood,hardwood,22,0.1220
1,in_use,pulpwood,hardwood,23,0.1199
1,in_use,pulpwood,hardwood,24,0.1179
1,in_use,pulpwood,hardwood,25,0.1162
1,in_use,pulpwood,hardwood,26,0.1146
1,in_use,pulpwood,hardwood,27,0.1130
1,in_use,pulpwood,hardwood,28,0.1116
1,in_use,pulpwood,hardwood,29,0.1102
1,in_use,pulpwood,hardwood,30,0.1088
1,in_use,pulpwood,hardwood,31,0.1075
1,in_use,pulpwood,hardwood,32,0.1063
1,in_use,pulpwood,hardwood,33,0.1051
1,in_use,pulpwood,hardwood,34,0.1039
1,in_use,pulpwood,hardwood,35,0.1027
1,in_use,pulpwood,hardwood,36,0.1016
1,in_use,pulpwood,hardwood,37,0.1005
1,in_use,pulpwood,hardwood,38,0.0994
1,in_use,pulpwood,hardwood,39,0.0984
1,in_use,pulpwood,hardwood,40,0.0974
1,in_use,pulpwood,hardwood,41,0.0963
1,in_use,pulpwood,hardwood,42,0.0954
1,in_use,pulpwood,hardwood,43,0.0944
1,in_use,pulpwood,hardwood,44,0.0934
1,in_use,pulpwood,hardwood,45,0.0925
1,in_use,pulpwood,hardwood,46,0.0916
1,in_use,pulpwood,hardwood,47,0.0906
1,in_use,pulpwood,hardwood,48,0.0898
1,in_use,pulpwood,hardwood,49,0.0889
1,in_use,pulpwood,hardwood,50,0.0880
1,in_use,pulpwood,hardwood,51,0.0872
1,in_use,pulpwood,hardwood,52,0.0863
1,in_use,pulpwood,hardwood,53,0.0855
1,in_use,pulpwood,hardwood,54,0.0847
1,in_use,pulpwood,hardwood,55,0.0839
1,in_use,pulpwood,hardwood,56,0.0831
1,in_use,pulpwood,hardwood,57,0.0823
1,in_use,pulpwood,hardwood,58,0.0815
1,in_use,pulpwood,hardwood,59,0.0808
1,in_use,pulpwood,hardwood,60,0.0800
1,in_use,pulpwood,hardwood,61,0.0793
1,in_use,pulpwood,hardwood,62,0.0786
1,in_use,pulpwood,hardwood,63,0.0779
1,in_use,pulpwood,hardwood,64,0.0771
1,in_use,pulpwood,hardwood,65,0.0765
1,in_use,pulpwood,hardwood,66,0.0758
1,in_use,pulpwood,hardwood,67,0.0751
1,in_use,pulpwood,hardwood,68,0.0744
1,in_use,pulpwood,hardwood,69,0.0738
1,in_use,pulpwood,hardwood,70,0.0731
1,in_use,pulpwood,hardwood,71,0.0725
1,in_use,pulpwood,hardwood,72,0.0718
1,in_use,pulpwood,hardwood,73,0.0712
1,in_use,pulpwood,hardwood,74,0.0706
1,in_use,pulpwood,hardwood,75,0.0699
1,in_use,pulpwood,hardwood,76,0.0693
1,in_use,pulpwood,hardwood,77,0.0687
1,in_use,pulpwood,hardwood,78,0.0681
1,in_use,pulpwood,hardwood,79,0.0676
1,in_use,pulpwood,hardwood,80,0.0670
1,in_use,pulpwood,hardwood,81,0.0664
1,in_use,pulpwood,hardwood,82,0.0658
1,in_use,pulpwood,hardwood,83,0.0653
1,in_use,pulpwood,hardwood,84,0.0647
1,in_use,pulpwood,hardwood,85,0.0642
1,in_use,pulpwood,hardwood,86,0.0636
1,in_use,pulpwood,hardwood,87,0.0631
1,in_use,pulpwood,hardwood,88,0.0626
1,in_use,pulpwood,hardwood,89,0.0620
1,in_use,pulpwood,hardwood,90,0.0615
1,in_use,pulpwood,hardwood,91,0.0610
1,in_use,pulpwood,hardwood,92,0.0605
1,in_use,pulpwood,hardwood,93,0.0600
1,in_use,pulpwood,hardwood,94,0.0595
1,in_use,pulpwood,hardwood,95,0.0590
1,in_use,pulpwood,hardwood,96,0.0585
1,in_use,pulpwood,hardwood,97,0.0580
1,in_use,pulpwood,hardwood,98,0.0576
1,in_use,pulpwood,hardwood,99,0.0571
1,in_use,pulpwood,hardwood,100,0.0566
1,in_use,pulpwood,hardwood,101,0.0562
1,landfill,pulpwood,hardwood,1,0.0000
1,landfill,pulpwood,hardwood,2,0.0233
1,landfill,pulpwood,hardwood,3,0.0427
1,landfill,pulpwood,hardwood,4,0.0587
1,landfill,pulpwood,hardwood,5,0.0718
1,landfill,pulpwood,hardwood,6,0.0826
1,landfill,pulpwood,hardwood,7,0.0919
1,landfill,pulpwood,hardwood,8,0.0996
1,landfill,pulpwood,hardwood,9,0.1066
1,landfill,pulpwood,hardwood,10,0.1126
1,landfill,pulpwood,hardwood,11,0.1175
1,landfill,pulpwood,hardwood,12,0.1210
1,landfill,pulpwood,hardwood,13,0.1235
1,landfill,pulpwood,hardwood,14,0.1250
1,landfill,pulpwood,hardwood,15,0.1259
1,landfill,pulpwood,hardwood,16,0.1263
1,landfill,pulpwood,hardwood,17,0.1264
1,landfill,pulpwood,hardwood,18,0.1261
1,landfill,pulpwood,hardwood,19,0.1257
1,landfill,pulpwood,hardwood,20,0.1253
1,landfill,pulpwood,hardwood,21,0.1248
1,landfill,pulpwood,hardwood,22,0.1241
1,landfill,pulpwood,hardwood,23,0.1234
1,landfill,pulpwood,hardwood,24,0.1226
1,landfill,pulpwood,hardwood,25,0.1219
1,landfill,pulpwood,hardwood,26,0.1212
1,landfill,pulpwood,hardwood,27,0.1205
1,landfill,pulpwood,hardwood,28,0.1198
1,landfill,pulpwood,hardwood,29,0.1192
1,landfill,pulpwood,hardwood,30,0.1186
1,landfill,pulpwood,hardwood,31,0.1181
1,landfill,pulpwood,hardwood,32,0.1176
1,landfill,pulpwood,hardwood,33,0.1171
1,landfill,pulpwood,hardwood,34,0.1167
1,landfill,pulpwood,hardwood,35,0.1162
1,landfill,pulpwood,hardwood,36,0.1159
1,landfill,pulpwood,hardwood,37,0.1155
1,landfill,pulpwood,hardwood,38,0.1152
1,landfill,pulpwood,hardwood,39,0.1149
1,landfill,pulpwood,hardwood,40,0.1146
1,landfill,pulpwood,hardwood,41,0.1144
1,landfill,pulpwood,hardwood,42,0.1142
1,landfill,pulpwood,hardwood,43,0.1140
1,landfill,pulpwood,hardwood,44,0.1138
1,landfill,pulpwood,hardwood,45,0.1137
1,landfill,pulpwood,hardwood,46,0.1136
1,landfill,pulpwood,hardwood,47,0.1134
1,landfill,pulpwood,hardwood,48,0.1134
1,landfill,pulpwood,hardwood,49,0.1133
1,landfill,pulpwood,hardwood,50,0.1132
1,landfill,pulpwood,hardwood,51,0.1132
1,landfill,pulpwood,hardwood,52,0.1132
1,landfill,pulpwood,hardwood,53,0.1131
1,landfill,pulpwood,hardwood,54,0.1131
1,landfill,pulpwood,hardwood,55,0.1132
1,landfill,pulpwood,hardwood,56,0.1132
1,landfill,pulpwood,hardwood,57,0.1132
1,landfill,pulpwood,hardwood,58,0.1133
1,landfill,pulpwood,hardwood,59,0.1133
1,landfill,pulpwood,hardwood,60,0.1134
1,landfill,pulpwood,hardwood,61,0.1134
1,landfill,pulpwood,hardwood,62,0.1135
1,landfill,pulpwood,hardwood,63,0.1136
1,landfill,pulpwood,hardwood,64,0.1137
1,landfill,pulpwood,hardwood,65,0.1138
1,landfill,pulpwood,hardwood,66,0.1139
1,landfill,pulpwood,hardwood,67,0.1140
1,landfill,pulpwood,hardwood,68,0.1142
1,landfill,pulpwood,hardwood,69,0.1143
1,landfill,pulpwood,hardwood,70,0.1144
1,landfill,pulpwood,hardwood,71,0.1146
1,landfill,pulpwood,hardwood,72,0.1147
1,landfill,pulpwood,hardwood,73,0.1148
1,landfill,pulpwood,hardwood,74,0.1150
1,landfill,pulpwood,hardwood,75,0.1151
1,landfill,pulpwood,hardwood,76,0.1153
1,landfill,pulpwood,hardwood,77,0.1154
1,landfill,pulpwood,hardwood,78,0.1156
1,landfill,pulpwood,hardwood,79,0.1158
1,landfill,pulpwood,hardwood,80,0.1159
1,landfill,pulpwood,hardwood,81,0.1161
1,landfill,pulpwood,hardwood,82,0.1163
1,landfill,pulpwood,hardwood,83,0.1164
1,landfill,pulpwood,hardwood,84,0.1166
1,landfill,pulpwood,hardwood,85,0.1168
1,landfill,pulpwood,hardwood,86,0.1170
1,landfill,pulpwood,hardwood,87,0.1171
1,landfill,pulpwood,hardwood,88,0.1173
1,landfill,pulpwood,hardwood,89,0.1175
1,landfill,pulpwood,hardwood,90,0.1177
1,landfill,pulpwood,hardwood,91,0.1178
1,landfill,pulpwood,hardwood,92,0.1180
1,landfill,pulpwood,hardwood,93,0.1182
1,landfill,pulpwood,hardwood,94,0.1184
1,landfill,pulpwood,hardwood,95,0.1186
1,landfill,pulpwood,hardwood,96,0.1187
1,landfill,pulpwood,hardwood,97,0.1189
1,landfill,pulpwood,hardwood,98,0.1191
1,landfill,pulpwood,hardwood,99,0.1193
1,landfill,pulpwood,hardwood,100,0.1195
1,landfill,pulpwood,hardwood,101,0.1197
1,energy,pulpwood,hardwood,1,0.2284
1,energy,pulpwood,hardwood,2,0.2493
1,energy,pulpwood,hardwood,3,0.2682
1,energy,pulpwood,hardwood,4,0.2845
1,energy,pulpwood,hardwood,5,0.2985
1,energy,pulpwood,hardwood,6,0.3105
1,energy,pulpwood,hardwood,7,0.3212
1,energy,pulpwood,hardwood,8,0.3307
1,energy,pulpwood,hardwood,9,0.3396
1,energy,pulpwood,hardwood,10,0.3477
1,energy,pulpwood,hardwood,11,0.3547
1,energy,pulpwood,hardwood,12,0.3605
1,energy,pulpwood,hardwood,13,0.3652
1,energy,pulpwood,hardwood,14,0.3691
1,energy,pulpwood,hardwood,15,0.3722
1,energy,pulpwood,hardwood,16,0.3747
1,energy,pulpwood,hardwood,17,0.3768
1,energy,pulpwood,hardwood,18,0.3786
1,energy,pulpwood,hardwood,19,0.3801
1,energy,pulpwood,hardwood,20,0.3815
1,energy,pulpwood,hardwood,21,0.3826
1,energy,pulpwood,hardwood,22,0.3836
1,energy,pulpwood,hardwood,23,0.3844
1,energy,pulpwood,hardwood,24,0.3851
1,energy,pulpwood,hardwood,25,0.3858
1,energy,pulpwood,hardwood,26,0.3863
1,energy,pulpwood,hardwood,27,0.3868
1,energy,pulpwood,hardwood,28,0.3873
1,energy,pulpwood,hardwood,29,0.3877
1,energy,pulpwood,hardwood,30,0.3881
1,energy,pulpwood,hardwood,31,0.3885
1,energy,pulpwood,hardwood,32,0.3888
1,energy,pulpwood,hardwood,33,0.3891
1,energy,pulpwood,hardwood,34,0.3893
1,energy,pulpwood,hardwood,35,0.3896
1,energy,pulpwood,hardwood,36,0.3898
1,energy,pulpwood,hardwood,37,0.3900
1,energy,pulpwood,hardwood,38,0.3901
1,energy,pulpwood,hardwood,39,0.3903
1,energy,pulpwood,hardwood,40,0.3904
1,energy,pulpwood,hardwood,41,0.3905
1,energy,pulpwood,hardwood,42,0.3906
1,energy,pulpwood,hardwood,43,0.3907
1,energy,pulpwood,hardwood,44,0.3908
1,energy,pulpwood,hardwood,45,0.3909
1,energy,pulpwood,hardwood,46,0.3909
1,energy,pulpwood,hardwood,47,0.3909
1,energy,pulpwood,hardwood,48,0.3909
1,energy,pulpwood,hardwood,49,0.3909
1,energy,pulpwood,hardwood,50,0.3909
1,energy,pulpwood,hardwood,51,0.3909
1,energy,pulpwood,hardwood,52,0.3909
1,energy,pulpwood,hardwood,53,0.3909
1,energy,pulpwood,hardwood,54,0.3909
1,energy,pulpwood,hardwood,55,0.3909
1,energy,pulpwood,hardwood,56,0.3909
1,energy,pulpwood,hardwood,57,0.3909
1,energy,pulpwood,hardwood,58,0.3909
1,energy,pulpwood,hardwood,59,0.3909
1,energy,pulpwood,hardwood,60,0.3909
1,energy,pulpwood,hardwood,61,0.3909
1,energy,pulpwood,hardwood,62,0.3909
1,energy,pulpwood,hardwood,63,0.3909
1,energy,pulpwood,hardwood,64,0.3909
1,energy,pulpwood,hardwood,65,0.3909
1,energy,pulpwood,hardwood,66,0.3909
1,energy,pulpwood,hardwood,67,0.3909
1,energy,pulpwood,hardwood,68,0.3909
1,energy,pulpwood,hardwood,69,0.3909
1,energy,pulpwood,hardwood,70,0.3909
1,energy,pulpwood,hardwood,71,0.3909
1,energy,pulpwood,hardwood,72,0.3909
1,energy,pulpwood,hardwood,73,0.3909
1,energy,pulpwood,hardwood,74,0.3909
1,energy,pulpwood,hardwood,75,0.3909
1,energy,pulpwood,hardwood,76,0.3909
1,energy,pulpwood,hardwood,77,0.3909
1,energy,pulpwood,hardwood,78,0.3909
1,energy,pulpwood,hardwood,79,0.3909
1,energy,pulpwood,hardwood,80,0.3909
1,energy,pulpwood,hardwood,81,0.3909
1,energy,pulpwood,hardwood,82,0.3909
1,energy,pulpwood,hardwood,83,0.3909
1,energy,pulpwood,hardwood,84,0.3909
1,energy,pulpwood,hardwood,85,0.3909
1,energy,pulpwood,hardwood,86,0.3909
1,energy,pulpwood,hardwood,87,0.3909
1,energy,pulpwood,hardwood,88,0.3909
1,energy,pulpwood,hardwood,89,0.3909
1,energy,pulpwood,hardwood,90,0.3909
1,energy,pulpwood,hardwood,91,0.3909
1,energy,pulpwood,hardwood,92,0.3909
1,energy,pulpwood,hardwood,93,0.3909
1,energy,pulpwood,hardwood,94,0.3909
1,energy,pulpwood,hardwood,95,0.3909
1,energy,pulpwood,hardwood,96,0.3909
1,energy,pulpwood,hardwood,97,0.3909
1,energy,pulpwood,hardwood,98,0.3909
1,energy,pulpwood,hardwood,99,0.3909
1,energy,pulpwood,hardwood,100,0.3909
1,energy,pulpwood,hardwood,101,0.3909
1,in_use,sawtimber,hardwood,1,0.5872
1,in_use,sawtimber,hardwood,2,0.5427
1,in_use,sawtimber,hardwood,3,0.5034
1,in_use,sawtimber,hardwood,4,0.4683
1,in_use,sawtimber,hardwood,5,0.4369
1,in_use,sawtimber,hardwood,6,0.4088
1,in_use,sawtimber,hardwood,7,0.3831
1,in_use,sawtimber,hardwood,8,0.3598
1,in_use,sawtimber,hardwood,9,0.3383
1,in_use,sawtimber,hardwood,10,0.3185
1,in_use,sawtimber,hardwood,11,0.3006
1,in_use,sawtimber,hardwood,12,0.2845
1,in_use,sawtimber,hardwood,13,0.2700
1,in_use,sawtimber,hardwood,14,0.2570
1,in_use,sawtimber,hardwood,15,0.2452
1,in_use,sawtimber,hardwood,16,0.2345
1,in_use,sawtimber,hardwood,17,0.2247
1,in_use,sawtimber,hardwood,18,0.2156
1,in_use,sawtimber,hardwood,19,0.2072
1,in_use,sawtimber,hardwood,20,0.1994
1,in_use,sawtimber,hardwood,21,0.1921
1,in_use,sawtimber,hardwood,22,0.1853
1,in_use,sawtimber,hardwood,23,0.1790
1,in_use,sawtimber,hardwood,24,0.1730
1,in_use,sawtimber,hardwood,25,0.1674
1,in_use,sawtimber,hardwood,26,0.1621
1,in_use,sawtimber,hardwood,27,0.1571
1,in_use,sawtimber,hardwood,28,0.1524
1,in_use,sawtimber,hardwood,29,0.1479
1,in_use,sawtimber,hardwood,30,0.1436
1,in_use,sawtimber,hardwood,31,0.1395
1,in_use,sawtimber,hardwood,32,0.1356
1,in_use,sawtimber,hardwood,33,0.1319
1,in_use,sawtimber,hardwood,34,0.1283
1,in_use,sawtimber,hardwood,35,0.1249
1,in_use,sawtimber,hardwood,36,0.1217
1,in_use,sawtimber,hardwood,37,0.1186
1,in_use,sawtimber,hardwood,38,0.1156
1,in_use,sawtimber,hardwood,39,0.1127
1,in_use,sawtimber,hardwood,40,0.1099
1,in_use,sawtimber,hardwood,41,0.1072
1,in_use,sawtimber,hardwood,42,0.1047
1,in_use,sawtimber,hardwood,43,0.1022
1,in_use,sawtimber,hardwood,44,0.0998
1,in_use,sawtimber,hardwood,45,0.0975
1,in_use,sawtimber,hardwood,46,0.0953
1,in_use,sawtimber,hardwood,47,0.0931
1,in_use,sawtimber,hardwood,48,0.0910
1,in_use,sawtimber,hardwood,49,0.0890
1,in_use,sawtimber,hardwood,50,0.0871
1,in_use,sawtimber,hardwood,51,0.0852
1,in_use,sawtimber,hardwood,52,0.0834
1,in_use,sawtimber,hardwood,53,0.0816
1,in_use,sawtimber,hardwood,54,0.0799
1,in_use,sawtimber,hardwood,55,0.0782
1,in_use,sawtimber,hardwood,56,0.0766
1,in_use,sawtimber,hardwood,57,0.0750
1,in_use,sawtimber,hardwood,58,0.0735
1,in_use,sawtimber,hardwood,59,0.0720
1,in_use,sawtimber,hardwood,60,0.0706
1,in_use,sawtimber,hardwood,61,0.0692
1,in_use,sawtimber,hardwood,62,0.0678
1,in_use,sawtimber,hardwood,63,0.0665
1,in_use,sawtimber,hardwood,64,0.0652
1,in_use,sawtimber,hardwood,65,0.0639
1,in_use,sawtimber,hardwood,66,0.0627
1,in_use,sawtimber,hardwood,67,0.0615
1,in_use,sawtimber,hardwood,68,0.0604
1,in_use,sawtimber,hardwood,69,0.0592
1,in_use,sawtimber,hardwood,70,0.0581
1,in_use,sawtimber,hardwood,71,0.0571
1,in_use,sawtimber,hardwood,72,0.0560
1,in_use,sawtimber,hardwood,73,0.0550
1,in_use,sawtimber,hardwood,74,0.0540
1,in_use,sawtimber,hardwood,75,0.0530
1,in_use,sawtimber,hardwood,76,0.0521
1,in_use,sawtimber,hardwood,77,0.0512
1,in_use,sawtimber,hardwood,78,0.0503
1,in_use,sawtimber,hardwood,79,0.0494
1,in_use,sawtimber,hardwood,80,0.0485
1,in_use,sawtimber,hardwood,81,0.0477
1,in_use,sawtimber,hardwood,82,0.0468
1,in_use,sawtimber,hardwood,83,0.0460
1,in_use,sawtimber,hardwood,84,0.0453
1,in_use,sawtimber,hardwood,85,0.0445
1,in_use,sawtimber,hardwood,86,0.0437
1,in_use,sawtimber,hardwood,87,0.0430
1,in_use,sawtimber,hardwood,88,0.0423
1,in_use,sawtimber,hardwood,89,0.0416
1,in_use,sawtimber,hardwood,90,0.0409
1,in_use,sawtimber,hardwood,91,0.0402
1,in_use,sawtimber,hardwood,92,0.0396
1,in_use,sawtimber,hardwood,93,0.0389
1,in_use,sawtimber,hardwood,94,0.0383
1,in_use,sawtimber,hardwood,95,0.0377
1,in_use,sawtimber,hardwood,96,0.0371
1,in_use,sawtimber,hardwood,97,0.0365
1,in_use,sawtimber,hardwood,98,0.0359
1,in_use,sawtimber,hardwood,99,0.0353
1,in_use,sawtimber,hardwood,100,0.0348
1,in_use,sawtimber,hardwood,101,0.0342
1,landfill,sawtimber,hardwood,1,0.0000
1,landfill,sawtimber,hardwood,2,0.0243
1,landfill,sawtimber,hardwood,3,0.0455
1,landfill,sawtimber,hardwood,4,0.0644
1,landfill,sawtimber,hardwood,5,0.0811
1,landfill,sawtimber,hardwood,6,0.0961
1,landfill,sawtimber,hardwood,7,0.1095
1,landfill,sawtimber,hardwood,8,0.1215
1,landfill,sawtimber,hardwood,9,0.1324
1,landfill,sawtimber,hardwood,10,0.1422
1,landfill,sawtimber,hardwood,11,0.1510
1,landfill,sawtimber,hardwood,12,0.1589
1,landfill,sawtimber,hardwood,13,0.1658
1,landfill,sawtimber,hardwood,14,0.1720
1,landfill,sawtimber,hardwood,15,0.1775
1,landfill,sawtimber,hardwood,16,0.1824
1,landfill,sawtimber,hardwood,17,0.1869
1,landfill,sawtimber,hardwood,18,0.1909
1,landfill,sawtimber,hardwood,19,0.1945
1,landfill,sawtimber,hardwood,20,0.1979
1,landfill,sawtimber,hardwood,21,0.2009
1,landfill,sawtimber,hardwood,22,0.2037
1,landfill,sawtimber,hardwood,23,0.2062
1,landfill,sawtimber,hardwood,24,0.2085
1,landfill,sawtimber,hardwood,25,0.2107
1,landfill,sawtimber,hardwood,26,0.2126
1,landfill,sawtimber,hardwood,27,0.2144
1,landfill,sawtimber,hardwood,28,0.2161
1,landfill,sawtimber,hardwood,29,0.2177
1,landfill,sawtimber,hardwood,30,0.2192
1,landfill,sawtimber,hardwood,31,0.2205
1,landfill,sawtimber,hardwood,32,0.2218
1,landfill,sawtimber,hardwood,33,0.2230
1,landfill,sawtimber,hardwood,34,0.2241
1,landfill,sawtimber,hardwood,35,0.2252
1,landfill,sawtimber,hardwood,36,0.2262
1,landfill,sawtimber,hardwood,37,0.2271
1,landfill,sawtimber,hardwood,38,0.2280
1,landfill,sawtimber,hardwood,39,0.2289
1,landfill,sawtimber,hardwood,40,0.2297
1,landfill,sawtimber,hardwood,41,0.2305
1,landfill,sawtimber,hardwood,42,0.2312
1,landfill,sawtimber,hardwood,43,0.2319
1,landfill,sawtimber,hardwood,44,0.2325
1,landfill,sawtimber,hardwood,45,0.2332
1,landfill,sawtimber,hardwood,46,0.2338
1,landfill,sawtimber,hardwood,47,0.2344
1,landfill,sawtimber,hardwood,48,0.2350
1,landfill,sawtimber,hardwood,49,0.2355
1,landfill,sawtimber,hardwood,50,0.2360
1,landfill,sawtimber,hardwood,51,0.2365
1,landfill,sawtimber,hardwood,52,0.2370
1,landfill,sawtimber,hardwood,53,0.2375
1,landfill,sawtimber,hardwood,54,0.2380
1,landfill,sawtimber,hardwood,55,0.2384
1,landfill,sawtimber,hardwood,56,0.2389
1,landfill,sawtimber,hardwood,57,0.2393
1,landfill,sawtimber,hardwood,58,0.2397
1,landfill,sawtimber,hardwood,59,0.2401
1,landfill,sawtimber,hardwood,60,0.2405
1,landfill,sawtimber,hardwood,61,0.2409
1,landfill,sawtimber,hardwood,62,0.2412
1,landfill,sawtimber,hardwood,63,0.2416
1,landfill,sawtimber,hardwood,64,0.2420
1,landfill,sawtimber,hardwood,65,0.2423
1,landfill,sawtimber,hardwood,66,0.2427
1,landfill,sawtimber,hardwood,67,0.2430
1,landfill,sawtimber,hardwood,68,0.2433
1,landfill,sawtimber,hardwood,69,0.2436
1,landfill,sawtimber,hardwood,70,0.2440
1,landfill,sawtimber,hardwood,71,0.2443
1,landfill,sawtimber,hardwood,72,0.2446
1,landfill,sawtimber,hardwood,73,0.2449
1,landfill,sawtimber,hardwood,74,0.2452
1,landfill,sawtimber,hardwood,75,0.2454
1,landfill,sawtimber,hardwood,76,0.2457
1,landfill,sawtimber,hardwood,77,0.2460
1,landfill,sawtimber,hardwood,78,0.2463
1,landfill,sawtimber,hardwood,79,0.2465
1,landfill,sawtimber,hardwood,80,0.2468
1,landfill,sawtimber,hardwood,81,0.2471
1,landfill,sawtimber,hardwood,82,0.2473
1,landfill,sawtimber,hardwood,83,0.2476
1,landfill,sawtimber,hardwood,84,0.2478
1,landfill,sawtimber,hardwood,85,0.2481
1,landfill,sawtimber,hardwood,86,0.2483
1,landfill,sawtimber,hardwood,87,0.2485
1,landfill,sawtimber,hardwood,88,0.2488
1,landfill,sawtimber,hardwood,89,0.2490
1,landfill,sawtimber,hardwood,90,0.2492
1,landfill,sawtimber,hardwood,91,0.2494
1,landfill,sawtimber,hardwood,92,0.2496
1,landfill,sawtimber,hardwood,93,0.2499
1,landfill,sawtimber,hardwood,94,0.2501
1,landfill,sawtimber,hardwood,95,0.2503
1,landfill,sawtimber,hardwood,96,0.2505
1,landfill,sawtimber,hardwood,97,0.2507
1,landfill,sawtimber,hardwood,98,0.2509
1,landfill,sawtimber,hardwood,99,0.2511
1,landfill,sawtimber,hardwood,100,0.2513
1,landfill,sawtimber,hardwood,101,0.2514
1,energy,sawtimber,hardwood,1,0.2371
1,energy,sawtimber,hardwood,2,0.2473
1,energy,sawtimber,hardwood,3,0.2567
1,energy,sawtimber,hardwood,4,0.2653
1,energy,sawtimber,hardwood,5,0.2730
1,energy,sawtimber,hardwood,6,0.2799
1,energy,sawtimber,hardwood,7,0.2863
1,energy,sawtimber,hardwood,8,0.2921
1,energy,sawtimber,hardwood,9,0.2976
1,energy,sawtimber,hardwood,10,0.3027
1,energy,sawtimber,hardwood,11,0.3074
1,energy,sawtimber,hardwood,12,0.3116
1,energy,sawtimber,hardwood,13,0.3153
1,energy,sawtimber,hardwood,14,0.3187
1,energy,sawtimber,hardwood,15,0.3218
1,energy,sawtimber,hardwood,16,0.3246
1,energy,sawtimber,hardwood,17,0.3272
1,energy,sawtimber,hardwood,18,0.3296
1,energy,sawtimber,hardwood,19,0.3318
1,energy,sawtimber,hardwood,20,0.3340
1,energy,sawtimber,hardwood,21,0.3359
1,energy,sawtimber,hardwood,22,0.3378
1,energy,sawtimber,hardwood,23,0.3395
1,energy,sawtimber,hardwood,24,0.3412
1,energy,sawtimber,hardwood,25,0.3427
1,energy,sawtimber,hardwood,26,0.3442
1,energy,sawtimber,hardwood,27,0.3456
1,energy,sawtimber,hardwood,28,0.3469
1,energy,sawtimber,hardwood,29,0.3482
1,energy,sawtimber,hardwood,30,0.3494
1,energy,sawtimber,hardwood,31,0.3505
1,energy,sawtimber,hardwood,32,0.3516
1,energy,sawtimber,hardwood,33,0.3527
1,energy,sawtimber,hardwood,34,0.3537
1,energy,sawtimber,hardwood,35,0.3546
1,energy,sawtimber,hardwood,36,0.3555
1,energy,sawtimber,hardwood,37,0.3564
1,energy,sawtimber,hardwood,38,0.3572
1,energy,sawtimber,hardwood,39,0.3580
1,energy,sawtimber,hardwood,40,0.3588
1,energy,sawtimber,hardwood,41,0.3595
1,energy,sawtimber,hardwood,42,0.3602
1,energy,sawtimber,hardwood,43,0.3609
1,energy,sawtimber,hardwood,44,0.3615
1,energy,sawtimber,hardwood,45,0.3621
1,energy,sawtimber,hardwood,46,0.3627
1,energy,sawtimber,hardwood,47,0.3632
1,energy,sawtimber,hardwood,48,0.3637
1,energy,sawtimber,hardwood,49,0.3642
1,energy,sawtimber,hardwood,50,0.3647
1,energy,sawtimber,hardwood,51,0.3652
1,energy,sawtimber,hardwood,52,0.3656
1,energy,sawtimber,hardwood,53,0.3660
1,energy,sawtimber,hardwood,54,0.3664
1,energy,sawtimber,hardwood,55,0.3668
1,energy,sawtimber,hardwood,56,0.3671
1,energy,sawtimber,hardwood,57,0.3675
1,energy,sawtimber,hardwood,58,0.3678
1,energy,sawtimber,hardwood,59,0.3681
1,energy,sawtimber,hardwood,60,0.3684
1,energy,sawtimber,hardwood,61,0.3686
1,energy,sawtimber,hardwood,62,0.3689
1,energy,sawtimber,hardwood,63,0.3691
1,energy,sawtimber,hardwood,64,0.3694
1,energy,sawtimber,hardwood,65,0.3696
1,energy,sawtimber,hardwood,66,0.3698
1,energy,sawtimber,hardwood,67,0.3700
1,energy,sawtimber,hardwood,68,0.3702
1,energy,sawtimber,hardwood,69,0.3703
1,energy,sawtimber,hardwood,70,0.3705
1,energy,sawtimber,hardwood,71,0.3706
1,energy,sawtimber,hardwood,72,0.3708
1,energy,sawtimber,hardwood,73,0.3709
1,energy,sawtimber,hardwood,74,0.3710
1,energy,sawtimber,hardwood,75,0.3711
1,energy,sawtimber,hardwood,76,0.3713
1,energy,sawtimber,hardwood,77,0.3713
1,energy,sawtimber,hardwood,78,0.3714
1,energy,sawtimber,hardwood,79,0.3715
1,energy,sawtimber,hardwood,80,0.3716
1,energy,sawtimber,hardwood,81,0.3716
1,energy,sawtimber,hardwood,82,0.3717
1,energy,sawtimber,hardwood,83,0.3718
1,energy,sawtimber,hardwood,84,0.3718
1,energy,sawtimber,hardwood,85,0.3718
1,energy,sawtimber,hardwood,86,0.3719
1,energy,sawtimber,hardwood,87,0.3719
1,energy,sawtimber,hardwood,88,0.3719
1,energy,sawtimber,hardwood,89,0.3719
1,energy,sawtimber,hardwood,90,0.3719
1,energy,sawtimber,hardwood,91,0.3719
1,energy,sawtimber,hardwood,92,0.3719
1,energy,sawtimber,hardwood,93,0.3719
1,energy,sawtimber,hardwood,94,0.3719
1,energy,sawtimber,hardwood,95,0.3719
1,energy,sawtimber,hardwood,96,0.3719
1,energy,sawtimber,hardwood,97,0.3719
1,energy,sawtimber,hardwood,98,0.3719
1,energy,sawtimber,hardwood,99,0.3719
1,energy,sawtimber,hardwood,100,0.3719
1,energy,sawtimber,hardwood,101,0.3719
2,in_use,pulpwood,softwood,1,0.5533
2,in_use,pulpwood,softwood,2,0.4820
2,in_use,pulpwood,softwood,3,0.4216
2,in_use,pulpwood,softwood,4,0.3704
2,in_use,pulpwood,softwood,5,0.3269
2,in_use,pulpwood,softwood,6,0.2900
2,in_use,pulpwood,softwood,7,0.2572
2,in_use,pulpwood,softwood,8,0.2286
2,in_use,pulpwood,softwood,9,0.2020
2,in_use,pulpwood,softwood,10,0.1780
2,in_use,pulpwood,softwood,11,0.1575
2,in_use,pulpwood,softwood,12,0.1408
2,in_use,pulpwood,softwood,13,0.1276
2,in_use,pulpwood,softwood,14,0.1171
2,in_use,pulpwood,softwood,15,0.1088
2,in_use,pulpwood,softwood,16,0.1023
2,in_use,pulpwood,softwood,17,0.0970
2,in_use,pulpwood,softwood,18,0.0927
2,in_use,pulpwood,softwood,19,0.0892
2,in_use,pulpwood,softwood,20,0.0858
2,in_use,pulpwood,softwood,21,0.0831
2,in_use,pulpwood,softwood,22,0.0810
2,in_use,pulpwood,softwood,23,0.0792
2,in_use,pulpwood,softwood,24,0.0778
2,in_use,pulpwood,softwood,25,0.0765
2,in_use,pulpwood,softwood,26,0.0753
2,in_use,pulpwood,softwood,27,0.0741
2,in_use,pulpwood,softwood,28,0.0731
2,in_use,pulpwood,softwood,29,0.0721
2,in_use,pulpwood,softwood,30,0.0712
2,in_use,pulpwood,softwood,31,0.0703
2,in_use,pulpwood,softwood,32,0.0695
2,in_use,pulpwood,softwood,33,0.0686
2,in_use,pulpwood,softwood,34,0.0678
2,in_use,pulpwood,softwood,35,0.0671
2,in_use,pulpwood,softwood,36,0.0663
2,in_use,pulpwood,softwood,37,0.0656
2,in_use,pulpwood,softwood,38,0.0649
2,in_use,pulpwood,softwood,39,0.0642
2,in_use,pulpwood,softwood,40,0.0635
2,in_use,pulpwood,softwood,41,0.0628
2,in_use,pulpwood,softwood,42,0.0621
2,in_use,pulpwood,softwood,43,0.0615
2,in_use,pulpwood,softwood,44,0.0609
2,in_use,pulpwood,softwood,45,0.0602
2,in_use,pulpwood,softwood,46,0.0596
2,in_use,pulpwood,softwood,47,0.0590
2,in_use,pulpwood,softwood,48,0.0584
2,in_use,pulpwood,softwood,49,0.0578
2,in_use,pulpwood,softwood,50,0.0573
2,in_use,pulpwood,softwood,51,0.0567
2,in_use,pulpwood,softwood,52,0.0562
2,in_use,pulpwood,softwood,53,0.0556
2,in_use,pulpwood,softwood,54,0.0551
2,in_use,pulpwood,softwood,55,0.0545
2,in_use,pulpwood,softwood,56,0.0540
2,in_use,pulpwood,softwood,57,0.0535
2,in_use,pulpwood,softwood,58,0.0530
2,in_use,pulpwood,softwood,59,0.0525
2,in_use,pulpwood,softwood,60,0.0520
2,in_use,pulpwood,softwood,61,0.0515
2,in_use,pulpwood,softwood,62,0.0511
2,in_use,pulpwood,softwood,63,0.0506
2,in_use,pulpwood,softwood,64,0.0501
2,in_use,pulpwood,softwood,65,0.0497
2,in_use,pulpwood,softwood,66,0.0492
2,in_use,pulpwood,softwood,67,0.0488
2,in_use,pulpwood,softwood,68,0.0483
2,in_use,pulpwood,softwood,69,0.0479
2,in_use,pulpwood,softwood,70,0.0475
2,in_use,pulpwood,softwood,71,0.0470
2,in_use,pulpwood,softwood,72,0.0466
2,in_use,pulpwood,softwood,73,0.0462
2,in_use,pulpwood,softwood,74,0.0458
2,in_use,pulpwood,softwood,75,0.0454
2,in_use,pulpwood,softwood,76,0.0450
2,in_use,pulpwood,softwood,77,0.0446
2,in_use,pulpwood,softwood,78,0.0442
2,in_use,pulpwood,softwood,79,0.0438
2,in_use,pulpwood,softwood,80,0.0434
2,in_use,pulpwood,softwood,81,0.0431
2,in_use,pulpwood,softwood,82,0.0427
2,in_use,pulpwood,softwood,83,0.0423
2,in_use,pulpwood,softwood,84,0.0420
2,in_use,pulpwood,softwood,85,0.0416
2,in_use,pulpwood,softwood,86,0.0413
2,in_use,pulpwood,softwood,87,0.0409
2,in_use,pulpwood,softwood,88,0.0406
2,in_use,pulpwood,softwood,89,0.0402
2,in_use,pulpwood,softwood,90,0.0399
2,in_use,pulpwood,softwood,91,0.0395
2,in_use,pulpwood,softwood,92,0.0392
2,in_use,pulpwood,softwood,93,0.0389
2,in_use,pulpwood,softwood,94,0.0386
2,in_use,pulpwood,softwood,95,0.0382
2,in_use,pulpwood,softwood,96,0.0379
2,in_use,pulpwood,softwood,97,0.0376
2,in_use,pulpwood,softwood,98,0.0373
2,in_use,pulpwood,softwood,99,0.0370
2,in_use,pulpwood,softwood,100,0.0367
2,in_use,pulpwood,softwood,101,0.0364
2,landfill,pulpwood,softwood,1,0.0000
2,landfill,pulpwood,softwood,2,0.0242
2,landfill,pulpwood,softwood,3,0.0441
2,landfill,pulpwood,softwood,4,0.0605
2,landfill,pulpwood,softwood,5,0.0739
2,landfill,pulpwood,softwood,6,0.0849
2,landfill,pulpwood,softwood,7,0.0942
2,landfill,pulpwood,softwood,8,0.1019
2,landfill,pulpwood,softwood,9,0.1088
2,landfill,pulpwood,softwood,10,0.1147
2,landfill,pulpwood,softwood,11,0.1194
2,landfill,pulpwood,softwood,12,0.1227
2,landfill,pulpwood,softwood,13,0.1249
2,landfill,pulpwood,softwood,14,0.1261
2,landfill,pulpwood,softwood,15,0.1267
2,landfill,pulpwood,softwood,16,0.1267
2,landfill,pulpwood,softwood,17,0.1264
2,landfill,pulpwood,softwood,18,0.1257
2,landfill,pulpwood,softwood,19,0.1249
2,landfill,pulpwood,softwood,20,0.1242
2,landfill,pulpwood,softwood,21,0.1233
2,landfill,pulpwood,softwood,22,0.1222
2,landfill,pulpwood,softwood,23,0.1211
2,landfill,pulpwood,softwood,24,0.1200
2,landfill,pulpwood,softwood,25,0.1190
2,landfill,pulpwood,softwood,26,0.1179
2,landfill,pulpwood,softwood,27,0.1169
2,landfill,pulpwood,softwood,28,0.1159
2,landfill,pulpwood,softwood,29,0.1150
2,landfill,pulpwood,softwood,30,0.1141
2,landfill,pulpwood,softwood,31,0.1133
2,landfill,pulpwood,softwood,32,0.1125
2,landfill,pulpwood,softwood,33,0.1118
2,landfill,pulpwood,softwood,34,0.1110
2,landfill,pulpwood,softwood,35,0.1104
2,landfill,pulpwood,softwood,36,0.1098
2,landfill,pulpwood,softwood,37,0.1092
2,landfill,pulpwood,softwood,38,0.1086
2,landfill,pulpwood,softwood,39,0.1081
2,landfill,pulpwood,softwood,40,0.1076
2,landfill,pulpwood,softwood,41,0.1072
2,landfill,pulpwood,softwood,42,0.1067
2,landfill,pulpwood,softwood,43,0.1063
2,landfill,pulpwood,softwood,44,0.1060
2,landfill,pulpwood,softwood,45,0.1056
2,landfill,pulpwood,softwood,46,0.1053
2,landfill,pulpwood,softwood,47,0.1050
2,landfill,pulpwood,softwood,48,0.1048
2,landfill,pulpwood,softwood,49,0.1045
2,landfill,pulpwood,softwood,50,0.1043
2,landfill,pulpwood,softwood,51,0.1041
2,landfill,pulpwood,softwood,52,0.1039
2,landfill,pulpwood,softwood,53,0.1037
2,landfill,pulpwood,softwood,54,0.1036
2,landfill,pulpwood,softwood,55,0.1034
2,landfill,pulpwood,softwood,56,0.1033
2,landfill,pulpwood,softwood,57,0.1032
2,landfill,pulpwood,softwood,58,0.1031
2,landfill,pulpwood,softwood,59,0.1030
2,landfill,pulpwood,softwood,60,0.1029
2,landfill,pulpwood,softwood,61,0.1029
2,landfill,pulpwood,softwood,62,0.1028
2,landfill,pulpwood,softwood,63,0.1028
2,landfill,pulpwood,softwood,64,0.1027
2,landfill,pulpwood,softwood,65,0.1027
2,landfill,pulpwood,softwood,66,0.1027
2,landfill,pulpwood,softwood,67,0.1027
2,landfill,pulpwood,softwood,68,0.1027
2,landfill,pulpwood,softwood,69,0.1027
2,landfill,pulpwood,softwood,70,0.1027
2,landfill,pulpwood,softwood,71,0.1027
2,landfill,pulpwood,softwood,72,0.1027
2,landfill,pulpwood,softwood,73,0.1028
2,landfill,pulpwood,softwood,74,0.1028
2,landfill,pulpwood,softwood,75,0.1029
2,landfill,pulpwood,softwood,76,0.1029
2,landfill,pulpwood,softwood,77,0.1030
2,landfill,pulpwood,softwood,78,0.1030
2,landfill,pulpwood,softwood,79,0.1031
2,landfill,pulpwood,softwood,80,0.1031
2,landfill,pulpwood,softwood,81,0.1032
2,landfill,pulpwood,softwood,82,0.1033
2,landfill,pulpwood,softwood,83,0.1034
2,landfill,pulpwood,softwood,84,0.1034
2,landfill,pulpwood,softwood,85,0.1035
2,landfill,pulpwood,softwood,86,0.1036
2,landfill,pulpwood,softwood,87,0.1037
2,landfill,pulpwood,softwood,88,0.1038
2,landfill,pulpwood,softwood,89,0.1038
2,landfill,pulpwood,softwood,90,0.1039
2,landfill,pulpwood,softwood,91,0.1040
2,landfill,pulpwood,softwood,92,0.1041
2,landfill,pulpwood,softwood,93,0.1042
2,landfill,pulpwood,softwood,94,0.1043
2,landfill,pulpwood,softwood,95,0.1044
2,landfill,pulpwood,softwood,96,0.1045
2,landfill,pulpwood,softwood,97,0.1046
2,landfill,pulpwood,softwood,98,0.1047
2,landfill,pulpwood,softwood,99,0.1048
2,landfill,pulpwood,softwood,100,0.1049
2,landfill,pulpwood,softwood,101,0.1050
2,energy,pulpwood,softwood,1,0.2760
2,energy,pulpwood,softwood,2,0.3003
2,energy,pulpwood,softwood,3,0.3228
2,energy,pulpwood,softwood,4,0.3420
2,energy,pulpwood,softwood,5,0.3585
2,energy,pulpwood,softwood,6,0.3727
2,energy,pulpwood,softwood,7,0.3853
2,energy,pulpwood,softwood,8,0.3965
2,energy,pulpwood,softwood,9,0.4069
2,energy,pulpwood,softwood,10,0.4165
2,energy,pulpwood,softwood,11,0.4247
2,energy,pulpwood,softwood,12,0.4314
2,energy,pulpwood,softwood,13,0.4369
2,energy,pulpwood,softwood,14,0.4412
2,energy,pulpwood,softwood,15,0.4448
2,energy,pulpwood,softwood,16,0.4476
2,energy,pulpwood,softwood,17,0.4500
2,energy,pulpwood,softwood,18,0.4519
2,energy,pulpwood,softwood,19,0.4535
2,energy,pulpwood,softwood,20,0.4550
2,energy,pulpwood,softwood,21,0.4562
2,energy,pulpwood,softwood,22,0.4572
2,energy,pulpwood,softwood,23,0.4580
2,energy,pulpwood,softwood,24,0.4587
2,energy,pulpwood,softwood,25,0.4593
2,energy,pulpwood,softwood,26,0.4599
2,energy,pulpwood,softwood,27,0.4603
2,energy,pulpwood,softwood,28,0.4607
2,energy,pulpwood,softwood,29,0.4611
2,energy,pulpwood,softwood,30,0.4614
2,energy,pulpwood,softwood,31,0.4617
2,energy,pulpwood,softwood,32,0.4619
2,energy,pulpwood,softwood,33,0.4621
2,energy,pulpwood,softwood,34,0.4623
2,energy,pulpwood,softwood,35,0.4625
2,energy,pulpwood,softwood,36,0.4626
2,energy,pulpwood,softwood,37,0.4627
2,energy,pulpwood,softwood,38,0.4628
2,energy,pulpwood,softwood,39,0.4629
2,energy,pulpwood,softwood,40,0.4629
2,energy,pulpwood,softwood,41,0.4629
2,energy,pulpwood,softwood,42,0.4629
2,energy,pulpwood,softwood,43,0.4629
2,energy,pulpwood,softwood,44,0.4629
2,energy,pulpwood,softwood,45,0.4629
2,energy,pulpwood,softwood,46,0.4629
2,energy,pulpwood,softwood,47,0.4629
2,energy,pulpwood,softwood,48,0.4629
2,energy,pulpwood,softwood,49,0.4629
2,energy,pulpwood,softwood,50,0.4629
2,energy,pulpwood,softwood,51,0.4629
2,energy,pulpwood,softwood,52,0.4629
2,energy,pulpwood,softwood,53,0.4629
2,energy,pulpwood,softwood,54,0.4629
2,energy,pulpwood,softwood,55,0.4629
2,energy,pulpwood,softwood,56,0.4629
2,energy,pulpwood,softwood,57,0.4629
2,energy,pulpwood,softwood,58,0.4629
2,energy,pulpwood,softwood,59,0.4629
2,energy,pulpwood,softwood,60,0.4629
2,energy,pulpwood,softwood,61,0.4629
2,energy,pulpwood,softwood,62,0.4629
2,energy,pulpwood,softwood,63,0.4629
2,energy,pulpwood,softwood,64,0.4629
2,energy,pulpwood,softwood,65,0.4629
2,energy,pulpwood,softwood,66,0.4629
2,energy,pulpwood,softwood,67,0.4629
2,energy,pulpwood,softwood,68,0.4629
2,energy,pulpwood,softwood,69,0.4629
2,energy,pulpwood,softwood,70,0.4629
2,energy,pulpwood,softwood,71,0.4629
2,energy,pulpwood,softwood,72,0.4629
2,energy,pulpwood,softwood,73,0.4629
2,energy,pulpwood,softwood,74,0.4629
2,energy,pulpwood,softwood,75,0.4629
2,energy,pulpwood,softwood,76,0.4629
2,energy,pulpwood,softwood,77,0.4629
2,energy,pulpwood,softwood,78,0.4629
2,energy,pulpwood,softwood,79,0.4629
2,energy,pulpwood,softwood,80,0.4629
2,energy,pulpwood,softwood,81,0.4629
2,energy,pulpwood,softwood,82,0.4629
2,energy,pulpwood,softwood,83,0.4629
2,energy,pulpwood,softwood,84,0.4629
2,energy,pulpwood,softwood,85,0.4629
2,energy,pulpwood,softwood,86,0.4629
2,energy,pulpwood,softwood,87,0.4629
2,energy,pulpwood,softwood,88,0.4629
2,energy,pulpwood,softwood,89,0.4629
2,energy,pulpwood,softwood,90,0.4629
2,energy,pulpwood,softwood,91,0.4629
2,energy,pulpwood,softwood,92,0.4629
2,energy,pulpwood,softwood,93,0.4629
2,energy,pulpwood,softwood,94,0.4629
2,energy,pulpwood,softwood,95,0.4629
2,energy,pulpwood,softwood,96,0.4629
2,energy,pulpwood,softwood,97,0.4629
2,energy,pulpwood,softwood,98,0.4629
2,energy,pulpwood,softwood,99,0.4629
2,energy,pulpwood,softwood,100,0.4629
2,energy,pulpwood,softwood,101,0.4629
2,in_use,sawtimber,softwood,1,0.6365
2,in_use,sawtimber,softwood,2,0.6013
2,in_use,sawtimber,softwood,3,0.5696
2,in_use,sawtimber,softwood,4,0.5413
2,in_use,sawtimber,softwood,5,0.5160
2,in_use,sawtimber,softwood,6,0.4931
2,in_use,sawtimber,softwood,7,0.4721
2,in_use,sawtimber,softwood,8,0.4528
2,in_use,sawtimber,softwood,9,0.4347
2,in_use,sawtimber,softwood,10,0.4177
2,in_use,sawtimber,softwood,11,0.4023
2,in_use,sawtimber,softwood,12,0.3884
2,in_use,sawtimber,softwood,13,0.3759
2,in_use,sawtimber,softwood,14,0.3645
2,in_use,sawtimber,softwood,15,0.3542
2,in_use,sawtimber,softwood,16,0.3447
2,in_use,sawtimber,softwood,17,0.3359
2,in_use,sawtimber,softwood,18,0.3276
2,in_use,sawtimber,softwood,19,0.3199
2,in_use,sawtimber,softwood,20,0.3125
2,in_use,sawtimber,softwood,21,0.3055
2,in_use,sawtimber,softwood,22,0.2990
2,in_use,sawtimber,softwood,23,0.2927
2,in_use,sawtimber,softwood,24,0.2868
2,in_use,sawtimber,softwood,25,0.2811
2,in_use,sawtimber,softwood,26,0.2757
2,in_use,sawtimber,softwood,27,0.2704
2,in_use,sawtimber,softwood,28,0.2654
2,in_use,sawtimber,softwood,29,0.2605
2,in_use,sawtimber,softwood,30,0.2558
2,in_use,sawtimber,softwood,31,0.2512
2,in_use,sawtimber,softwood,32,0.2469
2,in_use,sawtimber,softwood,33,0.2426
2,in_use,sawtimber,softwood,34,0.2385
2,in_use,sawtimber,softwood,35,0.2345
2,in_use,sawtimber,softwood,36,0.2307
2,in_use,sawtimber,softwood,37,0.2269
2,in_use,sawtimber,softwood,38,0.2233
2,in_use,sawtimber,softwood,39,0.2198
2,in_use,sawtimber,softwood,40,0.2163
2,in_use,sawtimber,softwood,41,0.2130
2,in_use,sawtimber,softwood,42,0.2098
2,in_use,sawtimber,softwood,43,0.2066
2,in_use,sawtimber,softwood,44,0.2036
2,in_use,sawtimber,softwood,45,0.2006
2,in_use,sawtimber,softwood,46,0.1977
2,in_use,sawtimber,softwood,47,0.1949
2,in_use,sawtimber,softwood,48,0.1921
2,in_use,sawtimber,softwood,49,0.1894
2,in_use,sawtimber,softwood,50,0.1868
2,in_use,sawtimber,softwood,51,0.1843
2,in_use,sawtimber,softwood,52,0.1818
2,in_use,sawtimber,softwood,53,0.1793
2,in_use,sawtimber,softwood,54,0.1770
2,in_use,sawtimber,softwood,55,0.1746
2,in_use,sawtimber,softwood,56,0.1724
2,in_use,sawtimber,softwood,57,0.1702
2,in_use,sawtimber,softwood,58,0.1680
2,in_use,sawtimber,softwood,59,0.1659
2,in_use,sawtimber,softwood,60,0.1638
2,in_use,sawtimber,softwood,61,0.1617
2,in_use,sawtimber,softwood,62,0.1597
2,in_use,sawtimber,softwood,63,0.1578
2,in_use,sawtimber,softwood,64,0.1559
2,in_use,sawtimber,softwood,65,0.1540
2,in_use,sawtimber,softwood,66,0.1522
2,in_use,sawtimber,softwood,67,0.1504
2,in_use,sawtimber,softwood,68,0.1486
2,in_use,sawtimber,softwood,69,0.1469
2,in_use,sawtimber,softwood,70,0.1452
2,in_use,sawtimber,softwood,71,0.1435
2,in_use,sawtimber,softwood,72,0.1419
2,in_use,sawtimber,softwood,73,0.1403
2,in_use,sawtimber,softwood,74,0.1387
2,in_use,sawtimber,softwood,75,0.1371
2,in_use,sawtimber,softwood,76,0.1356
2,in_use,sawtimber,softwood,77,0.1341
2,in_use,sawtimber,softwood,78,0.1326
2,in_use,sawtimber,softwood,79,0.1312
2,in_use,sawtimber,softwood,80,0.1298
2,in_use,sawtimber,softwood,81,0.1284
2,in_use,sawtimber,softwood,82,0.1270
2,in_use,sawtimber,softwood,83,0.1256
2,in_use,sawtimber,softwood,84,0.1243
2,in_use,sawtimber,softwood,85,0.1230
2,in_use,sawtimber,softwood,86,0.1217
2,in_use,sawtimber,softwood,87,0.1204
2,in_use,sawtimber,softwood,88,0.1192
2,in_use,sawtimber,softwood,89,0.1179
2,in_use,sawtimber,softwood,90,0.1167
2,in_use,sawtimber,softwood,91,0.1155
2,in_use,sawtimber,softwood,92,0.1143
2,in_use,sawtimber,softwood,93,0.1132
2,in_use,sawtimber,softwood,94,0.1120
2,in_use,sawtimber,softwood,95,0.1109
2,in_use,sawtimber,softwood,96,0.1098
2,in_use,sawtimber,softwood,97,0.1087
2,in_use,sawtimber,softwood,98,0.1076
2,in_use,sawtimber,softwood,99,0.1066
2,in_use,sawtimber,softwood,100,0.1055
2,in_use,sawtimber,softwood,101,0.1045
2,landfill,sawtimber,softwood,1,0.0000
2,landfill,sawtimber,softwood,2,0.0167
2,landfill,sawtimber,softwood,3,0.0317
2,landfill,sawtimber,softwood,4,0.0452
2,landfill,sawtimber,softwood,5,0.0573
2,landfill,sawtimber,softwood,6,0.0681
2,landfill,sawtimber,softwood,7,0.0780
2,landfill,sawtimber,softwood,8,0.0871
2,landfill,sawtimber,softwood,9,0.0954
2,landfill,sawtimber,softwood,10,0.1032
2,landfill,sawtimber,softwood,11,0.1102
2,landfill,sawtimber,softwood,12,0.1165
2,landfill,sawtimber,softwood,13,0.1222
2,landfill,sawtimber,softwood,14,0.1273
2,landfill,sawtimber,softwood,15,0.1320
2,landfill,sawtimber,softwood,16,0.1363
2,landfill,sawtimber,softwood,17,0.1402
2,landfill,sawtimber,softwood,18,0.1438
2,landfill,sawtimber,softwood,19,0.1472
2,landfill,sawtimber,softwood,20,0.1505
2,landfill,sawtimber,softwood,21,0.1535
2,landfill,sawtimber,softwood,22,0.1563
2,landfill,sawtimber,softwood,23,0.1589
2,landfill,sawtimber,softwood,24,0.1614
2,landfill,sawtimber,softwood,25,0.1638
2,landfill,sawtimber,softwood,26,0.1660
2,landfill,sawtimber,softwood,27,0.1682
2,landfill,sawtimber,softwood,28,0.1702
2,landfill,sawtimber,softwood,29,0.1722
2,landfill,sawtimber,softwood,30,0.1741
2,landfill,sawtimber,softwood,31,0.1758
2,landfill,sawtimber,softwood,32,0.1776
2,landfill,sawtimber,softwood,33,0.1792
2,landfill,sawtimber,softwood,34,0.1808
2,landfill,sawtimber,softwood,35,0.1823
2,landfill,sawtimber,softwood,36,0.1838
2,landfill,sawtimber,softwood,37,0.1852
2,landfill,sawtimber,softwood,38,0.1866
2,landfill,sawtimber,softwood,39,0.1880
2,landfill,sawtimber,softwood,40,0.1892
2,landfill,sawtimber,softwood,41,0.1905
2,landfill,sawtimber,softwood,42,0.1917
2,landfill,sawtimber,softwood,43,0.1929
2,landfill,sawtimber,softwood,44,0.1940
2,landfill,sawtimber,softwood,45,0.1951
2,landfill,sawtimber,softwood,46,0.1962
2,landfill,sawtimber,softwood,47,0.1972
2,landfill,sawtimber,softwood,48,0.1982
2,landfill,sawtimber,softwood,49,0.1992
2,landfill,sawtimber,softwood,50,0.2002
2,landfill,sawtimber,softwood,51,0.2011
2,landfill,sawtimber,softwood,52,0.2020
2,landfill,sawtimber,softwood,53,0.2029
2,landfill,sawtimber,softwood,54,0.2038
2,landfill,sawtimber,softwood,55,0.2047
2,landfill,sawtimber,softwood,56,0.2055
2,landfill,sawtimber,softwood,57,0.2063
2,landfill,sawtimber,softwood,58,0.2071
2,landfill,sawtimber,softwood,59,0.2079
2,landfill,sawtimber,softwood,60,0.2087
2,landfill,sawtimber,softwood,61,0.2095
2,landfill,sawtimber,softwood,62,0.2102
2,landfill,sawtimber,softwood,63,0.2109
2,landfill,sawtimber,softwood,64,0.2117
2,landfill,sawtimber,softwood,65,0.2124
2,landfill,sawtimber,softwood,66,0.2131
2,landfill,sawtimber,softwood,67,0.2137
2,landfill,sawtimber,softwood,68,0.2144
2,landfill,sawtimber,softwood,69,0.2151
2,landfill,sawtimber,softwood,70,0.2157
2,landfill,sawtimber,softwood,71,0.2164
2,landfill,sawtimber,softwood,72,0.2170
2,landfill,sawtimber,softwood,73,0.2176
2,landfill,sawtimber,softwood,74,0.2182
2,landfill,sawtimber,softwood,75,0.2188
2,landfill,sawtimber,softwood,76,0.2194
2,landfill,sawtimber,softwood,77,0.2200
2,landfill,sawtimber,softwood,78,0.2206
2,landfill,sawtimber,softwood,79,0.2212
2,landfill,sawtimber,softwood,80,0.2217
2,landfill,sawtimber,softwood,81,0.2223
2,landfill,sawtimber,softwood,82,0.2228
2,landfill,sawtimber,softwood,83,0.2234
2,landfill,sawtimber,softwood,84,0.2239
2,landfill,sawtimber,softwood,85,0.2245
2,landfill,sawtimber,softwood,86,0.2250
2,landfill,sawtimber,softwood,87,0.2255
2,landfill,sawtimber,softwood,88,0.2260
2,landfill,sawtimber,softwood,89,0.2265
2,landfill,sawtimber,softwood,90,0.2270
2,landfill,sawtimber,softwood,91,0.2275
2,landfill,sawtimber,softwood,92,0.2280
2,landfill,sawtimber,softwood,93,0.2285
2,landfill,sawtimber,softwood,94,0.2289
2,landfill,sawtimber,softwood,95,0.2294
2,landfill,sawtimber,softwood,96,0.2299
2,landfill,sawtimber,softwood,97,0.2303
2,landfill,sawtimber,softwood,98,0.2308
2,landfill,sawtimber,softwood,99,0.2312
2,landfill,sawtimber,softwood,100,0.2317
2,landfill,sawtimber,softwood,101,0.2321
2,energy,sawtimber,softwood,1,0.2599
2,energy,sawtimber,softwood,2,0.2696
2,energy,sawtimber,softwood,3,0.2795
2,energy,sawtimber,softwood,4,0.2883
2,energy,sawtimber,softwood,5,0.2961
2,energy,sawtimber,softwood,6,0.3031
2,energy,sawtimber,softwood,7,0.3095
2,energy,sawtimber,softwood,8,0.3154
2,energy,sawtimber,softwood,9,0.3209
2,energy,sawtimber,softwood,10,0.3261
2,energy,sawtimber,softwood,11,0.3308
2,energy,sawtimber,softwood,12,0.3349
2,energy,sawtimber,softwood,13,0.3385
2,energy,sawtimber,softwood,14,0.3417
2,energy,sawtimber,softwood,15,0.3446
2,energy,sawtimber,softwood,16,0.3471
2,energy,sawtimber,softwood,17,0.3495
2,energy,sawtimber,softwood,18,0.3516
2,energy,sawtimber,softwood,19,0.3536
2,energy,sawtimber,softwood,20,0.3555
2,energy,sawtimber,softwood,21,0.3572
2,energy,sawtimber,softwood,22,0.3589
2,energy,sawtimber,softwood,23,0.3604
2,energy,sawtimber,softwood,24,0.3618
2,energy,sawtimber,softwood,25,0.3632
2,energy,sawtimber,softwood,26,0.3644
2,energy,sawtimber,softwood,27,0.3657
2,energy,sawtimber,softwood,28,0.3668
2,energy,sawtimber,softwood,29,0.3680
2,energy,sawtimber,softwood,30,0.3690
2,energy,sawtimber,softwood,31,0.3700
2,energy,sawtimber,softwood,32,0.3710
2,energy,sawtimber,softwood,33,0.3719
2,energy,sawtimber,softwood,34,0.3728
2,energy,sawtimber,softwood,35,0.3736
2,energy,sawtimber,softwood,36,0.3744
2,energy,sawtimber,softwood,37,0.3752
2,energy,sawtimber,softwood,38,0.3759
2,energy,sawtimber,softwood,39,0.3766
2,energy,sawtimber,softwood,40,0.3773
2,energy,sawtimber,softwood,41,0.3779
2,energy,sawtimber,softwood,42,0.3785
2,energy,sawtimber,softwood,43,0.3791
2,energy,sawtimber,softwood,44,0.3796
2,energy,sawtimber,softwood,45,0.3801
2,energy,sawtimber,softwood,46,0.3806
2,energy,sawtimber,softwood,47,0.3810
2,energy,sawtimber,softwood,48,0.3815
2,energy,sawtimber,softwood,49,0.3819
2,energy,sawtimber,softwood,50,0.3823
2,energy,sawtimber,softwood,51,0.3826
2,energy,sawtimber,softwood,52,0.3830
2,energy,sawtimber,softwood,53,0.3833
2,energy,sawtimber,softwood,54,0.3836
2,energy,sawtimber,softwood,55,0.3839
2,energy,sawtimber,softwood,56,0.3841
2,energy,sawtimber,softwood,57,0.3844
2,energy,sawtimber,softwood,58,0.3846
2,energy,sawtimber,softwood,59,0.3848
2,energy,sawtimber,softwood,60,0.3850
2,energy,sawtimber,softwood,61,0.3852
2,energy,sawtimber,softwood,62,0.3853
2,energy,sawtimber,softwood,63,0.3855
2,energy,sawtimber,softwood,64,0.3856
2,energy,sawtimber,softwood,65,0.3858
2,energy,sawtimber,softwood,66,0.3859
2,energy,sawtimber,softwood,67,0.3860
2,energy,sawtimber,softwood,68,0.3861
2,energy,sawtimber,softwood,69,0.3861
2,energy,sawtimber,softwood,70,0.3862
2,energy,sawtimber,softwood,71,0.3862
2,energy,sawtimber,softwood,72,0.3863
2,energy,sawtimber,softwood,73,0.3863
2,energy,sawtimber,softwood,74,0.3863
2,energy,sawtimber,softwood,75,0.3864
2,energy,sawtimber,softwood,76,0.3864
2,energy,sawtimber,softwood,77,0.3864
2,energy,sawtimber,softwood,78,0.3864
2,energy,sawtimber,softwood,79,0.3864
2,energy,sawtimber,softwood,80,0.3864
2,energy,sawtimber,softwood,81,0.3864
2,energy,sawtimber,softwood,82,0.3864
2,energy,sawtimber,softwood,83,0.3864
2,energy,sawtimber,softwood,84,0.3864
2,energy,sawtimber,softwood,85,0.3864
2,energy,sawtimber,softwood,86,0.3864
2,energy,sawtimber,softwood,87,0.3864
2,energy,sawtimber,softwood,88,0.3864
2,energy,sawtimber,softwood,89,0.3864
2,energy,sawtimber,softwood,90,0.3864
2,energy,sawtimber,softwood,91,0.3864
2,energy,sawtimber,softwood,92,0.3864
2,energy,sawtimber,softwood,93,0.3864
2,energy,sawtimber,softwood,94,0.3864
2,energy,sawtimber,softwood,95,0.3864
2,energy,sawtimber,softwood,96,0.3864
2,energy,sawtimber,softwood,97,0.3864
2,energy,sawtimber,softwood,98,0.3864
2,energy,sawtimber,softwood,99,0.3864
2,energy,sawtimber,softwood,100,0.3864
2,energy,sawtimber,softwood,101,0.3864
2,in_use,pulpwood,hardwood,1,0.5907
2,in_use,pulpwood,hardwood,2,0.5240
2,in_use,pulpwood,hardwood,3,0.4674
2,in_use,pulpwood,hardwood,4,0.4192
2,in_use,pulpwood,hardwood,5,0.3781
2,in_use,pulpwood,hardwood,6,0.3431
2,in_use,pulpwood,hardwood,7,0.3119
2,in_use,pulpwood,hardwood,8,0.2845
2,in_use,pulpwood,hardwood,9,0.2591
2,in_use,pulpwood,hardwood,10,0.2360
2,in_use,pulpwood,hardwood,11,0.2162
2,in_use,pulpwood,hardwood,12,0.1999
2,in_use,pulpwood,hardwood,13,0.1868
2,in_use,pulpwood,hardwood,14,0.1763
2,in_use,pulpwood,hardwood,15,0.1678
2,in_use,pulpwood,hardwood,16,0.1609
2,in_use,pulpwood,hardwood,17,0.1552
2,in_use,pulpwood,hardwood,18,0.1504
2,in_use,pulpwood,hardwood,19,0.1463
2,in_use,pulpwood,hardwood,20,0.1425
2,in_use,pulpwood,hardwood,21,0.1392
2,in_use,pulpwood,hardwood,22,0.1365
2,in_use,pulpwood,hardwood,23,0.1342
2,in_use,pulpwood,hardwood,24,0.1321
2,in_use,pulpwood,hardwood,25,0.1301
2,in_use,pulpwood,hardwood,26,0.1284
2,in_use,pulpwood,hardwood,27,0.1267
2,in_use,pulpwood,hardwood,28,0.1250
2,in_use,pulpwood,hardwood,29,0.1235
2,in_use,pulpwood,hardwood,30,0.1220
2,in_use,pulpwood,hardwood,31,0.1206
2,in_use,pulpwood,hardwood,32,0.1192
2,in_use,pulpwood,hardwood,33,0.1178
2,in_use,pulpwood,hardwood,34,0.1165
2,in_use,pulpwood,hardwood,35,0.1152
2,in_use,pulpwood,hardwood,36,0.1139
2,in_use,pulpwood,hardwood,37,0.1127
2,in_use,pulpwood,hardwood,38,0.1115
2,in_use,pulpwood,hardwood,39,0.1103
2,in_use,pulpwood,hardwood,40,0.1092
2,in_use,pulpwood,hardwood,41,0.1080
2,in_use,pulpwood,hardwood,42,0.1069
2,in_use,pulpwood,hardwood,43,0.1058
2,in_use,pulpwood,hardwood,44,0.1048
2,in_use,pulpwood,hardwood,45,0.1037
2,in_use,pulpwood,hardwood,46,0.1027
2,in_use,pulpwood,hardwood,47,0.1016
2,in_use,pulpwood,hardwood,48,0.1006
2,in_use,pulpwood,hardwood,49,0.0996
2,in_use,pulpwood,hardwood,50,0.0987
2,in_use,pulpwood,hardwood,51,0.0977
2,in_use,pulpwood,hardwood,52,0.0968
2,in_use,pulpwood,hardwood,53,0.0959
2,in_use,pulpwood,hardwood,54,0.0949
2,in_use,pulpwood,hardwood,55,0.0940
2,in_use,pulpwood,hardwood,56,0.0932
2,in_use,pulpwood,hardwood,57,0.0923
2,in_use,pulpwood,hardwood,58,0.0914
2,in_use,pulpwood,hardwood,59,0.0906
2,in_use,pulpwood,hardwood,60,0.0897
2,in_use,pulpwood,hardwood,61,0.0889
2,in_use,pulpwood,hardwood,62,0.0881
2,in_use,pulpwood,hardwood,63,0.0873
2,in_use,pulpwood,hardwood,64,0.0865
2,in_use,pulpwood,hardwood,65,0.0857
2,in_use,pulpwood,hardwood,66,0.0849
2,in_use,pulpwood,hardwood,67,0.0842
2,in_use,pulpwood,hardwood,68,0.0834
2,in_use,pulpwood,hardwood,69,0.0827
2,in_use,pulpwood,hardwood,70,0.0819
2,in_use,pulpwood,hardwood,71,0.0812
2,in_use,pulpwood,hardwood,72,0.0805
2,in_use,pulpwood,hardwood,73,0.0798
2,in_use,pulpwood,hardwood,74,0.0791
2,in_use,pulpwood,hardwood,75,0.0784
2,in_use,pulpwood,hardwood,76,0.0777
2,in_use,pulpwood,hardwood,77,0.0771
2,in_use,pulpwood,hardwood,78,0.0764
2,in_use,pulpwood,hardwood,79,0.0757
2,in_use,pulpwood,hardwood,80,0.0751
2,in_use,pulpwood,hardwood,81,0.0744
2,in_use,pulpwood,hardwood,82,0.0738
2,in_use,pulpwood,hardwood,83,0.0732
2,in_use,pulpwood,hardwood,84,0.0726
2,in_use,pulpwood,hardwood,85,0.0719
2,in_use,pulpwood,hardwood,86,0.0713
2,in_use,pulpwood,hardwood,87,0.0707
2,in_use,pulpwood,hardwood,88,0.0701
2,in_use,pulpwood,hardwood,89,0.0695
2,in_use,pulpwood,hardwood,90,0.0690
2,in_use,pulpwood,hardwood,91,0.0684
2,in_use,pulpwood,hardwood,92,0.0678
2,in_use,pulpwood,hardwood,93,0.0673
2,in_use,pulpwood,hardwood,94,0.0667
2,in_use,pulpwood,hardwood,95,0.0662
2,in_use,pulpwood,hardwood,96,0.0656
2,in_use,pulpwood,hardwood,97,0.0651
2,in_use,pulpwood,hardwood,98,0.0645
2,in_use,pulpwood,hardwood,99,0.0640
2,in_use,pulpwood,hardwood,100,0.0635
2,in_use,pulpwood,hardwood,101,0.0630
2,landfill,pulpwood,hardwood,1,0.0000
2,landfill,pulpwood,hardwood,2,0.0230
2,landfill,pulpwood,hardwood,3,0.0422
2,landfill,pulpwood,hardwood,4,0.0580
2,landfill,pulpwood,hardwood,5,0.0711
2,landfill,pulpwood,hardwood,6,0.0819
2,landfill,pulpwood,hardwood,7,0.0911
2,landfill,pulpwood,hardwood,8,0.0989
2,landfill,pulpwood,hardwood,9,0.1059
2,landfill,pulpwood,hardwood,10,0.1120
2,landfill,pulpwood,hardwood,11,0.1169
2,landfill,pulpwood,hardwood,12,0.1205
2,landfill,pulpwood,hardwood,13,0.1231
2,landfill,pulpwood,hardwood,14,0.1247
2,landfill,pulpwood,hardwood,15,0.1258
2,landfill,pulpwood,hardwood,16,0.1263
2,landfill,pulpwood,hardwood,17,0.1265
2,landfill,pulpwood,hardwood,18,0.1264
2,landfill,pulpwood,hardwood,19,0.1261
2,landfill,pulpwood,hardwood,20,0.1259
2,landfill,pulpwood,hardwood,21,0.1255
2,landfill,pulpwood,hardwood,22,0.1249
2,landfill,pulpwood,hardwood,23,0.1243
2,landfill,pulpwood,hardwood,24,0.1237
2,landfill,pulpwood,hardwood,25,0.1231
2,landfill,pulpwood,hardwood,26,0.1225
2,landfill,pulpwood,hardwood,27,0.1220
2,landfill,pulpwood,hardwood,28,0.1214
2,landfill,pulpwood,hardwood,29,0.1209
2,landfill,pulpwood,hardwood,30,0.1204
2,landfill,pulpwood,hardwood,31,0.1200
2,landfill,pulpwood,hardwood,32,0.1196
2,landfill,pulpwood,hardwood,33,0.1192
2,landfill,pulpwood,hardwood,34,0.1188
2,landfill,pulpwood,hardwood,35,0.1185
2,landfill,pulpwood,hardwood,36,0.1182
2,landfill,pulpwood,hardwood,37,0.1180
2,landfill,pulpwood,hardwood,38,0.1177
2,landfill,pulpwood,hardwood,39,0.1175
2,landfill,pulpwood,hardwood,40,0.1173
2,landfill,pulpwood,hardwood,41,0.1172
2,landfill,pulpwood,hardwood,42,0.1170
2,landfill,pulpwood,hardwood,43,0.1169
2,landfill,pulpwood,hardwood,44,0.1168
2,landfill,pulpwood,hardwood,45,0.1167
2,landfill,pulpwood,hardwood,46,0.1167
2,landfill,pulpwood,hardwood,47,0.1166
2,landfill,pulpwood,hardwood,48,0.1166
2,landfill,pulpwood,hardwood,49,0.1166
2,landfill,pulpwood,hardwood,50,0.1166
2,landfill,pulpwood,hardwood,51,0.1166
2,landfill,pulpwood,hardwood,52,0.1167
2,landfill,pulpwood,hardwood,53,0.1167
2,landfill,pulpwood,hardwood,54,0.1168
2,landfill,pulpwood,hardwood,55,0.1168
2,landfill,pulpwood,hardwood,56,0.1169
2,landfill,pulpwood,hardwood,57,0.1170
2,landfill,pulpwood,hardwood,58,0.1171
2,landfill,pulpwood,hardwood,59,0.1172
2,landfill,pulpwood,hardwood,60,0.1173
2,landfill,pulpwood,hardwood,61,0.1174
2,landfill,pulpwood,hardwood,62,0.1176
2,landfill,pulpwood,hardwood,63,0.1177
2,landfill,pulpwood,hardwood,64,0.1178
2,landfill,pulpwood,hardwood,65,0.1180
2,landfill,pulpwood,hardwood,66,0.1181
2,landfill,pulpwood,hardwood,67,0.1183
2,landfill,pulpwood,hardwood,68,0.1185
2,landfill,pulpwood,hardwood,69,0.1186
2,landfill,pulpwood,hardwood,70,0.1188
2,landfill,pulpwood,hardwood,71,0.1190
2,landfill,pulpwood,hardwood,72,0.1192
2,landfill,pulpwood,hardwood,73,0.1193
2,landfill,pulpwood,hardwood,74,0.1195
2,landfill,pulpwood,hardwood,75,0.1197
2,landfill,pulpwood,hardwood,76,0.1199
2,landfill,pulpwood,hardwood,77,0.1201
2,landfill,pulpwood,hardwood,78,0.1203
2,landfill,pulpwood,hardwood,79,0.1205
2,landfill,pulpwood,hardwood,80,0.1207
2,landfill,pulpwood,hardwood,81,0.1209
2,landfill,pulpwood,hardwood,82,0.1211
2,landfill,pulpwood,hardwood,83,0.1213
2,landfill,pulpwood,hardwood,84,0.1215
2,landfill,pulpwood,hardwood,85,0.1217
2,landfill,pulpwood,hardwood,86,0.1219
2,landfill,pulpwood,hardwood,87,0.1221
2,landfill,pulpwood,hardwood,88,0.1223
2,landfill,pulpwood,hardwood,89,0.1225
2,landfill,pulpwood,hardwood,90,0.1228
2,landfill,pulpwood,hardwood,91,0.1230
2,landfill,pulpwood,hardwood,92,0.1232
2,landfill,pulpwood,hardwood,93,0.1234
2,landfill,pulpwood,hardwood,94,0.1236
2,landfill,pulpwood,hardwood,95,0.1238
2,landfill,pulpwood,hardwood,96,0.1240
2,landfill,pulpwood,hardwood,97,0.1242
2,landfill,pulpwood,hardwood,98,0.1244
2,landfill,pulpwood,hardwood,99,0.1246
2,landfill,pulpwood,hardwood,100,0.1248
2,landfill,pulpwood,hardwood,101,0.1251
2,energy,pulpwood,hardwood,1,0.2247
2,energy,pulpwood,hardwood,2,0.2447
2,energy,pulpwood,hardwood,3,0.2632
2,energy,pulpwood,hardwood,4,0.2791
2,energy,pulpwood,hardwood,5,0.2928
2,energy,pulpwood,hardwood,6,0.3045
2,energy,pulpwood,hardwood,7,0.3151
2,energy,pulpwood,hardwood,8,0.3243
2,energy,pulpwood,hardwood,9,0.3331
2,energy,pulpwood,hardwood,10,0.3410
2,energy,pulpwood,hardwood,11,0.3479
2,energy,pulpwood,hardwood,12,0.3536
2,energy,pulpwood,hardwood,13,0.3583
2,energy,pulpwood,hardwood,14,0.3620
2,energy,pulpwood,hardwood,15,0.3651
2,energy,pulpwood,hardwood,16,0.3676
2,energy,pulpwood,hardwood,17,0.3697
2,energy,pulpwood,hardwood,18,0.3715
2,energy,pulpwood,hardwood,19,0.3729
2,energy,pulpwood,hardwood,20,0.3744
2,energy,pulpwood,hardwood,21,0.3755
2,energy,pulpwood,hardwood,22,0.3765
2,energy,pulpwood,hardwood,23,0.3774
2,energy,pulpwood,hardwood,24,0.3781
2,energy,pulpwood,hardwood,25,0.3787
2,energy,pulpwood,hardwood,26,0.3793
2,energy,pulpwood,hardwood,27,0.3799
2,energy,pulpwood,hardwood,28,0.3803
2,energy,pulpwood,hardwood,29,0.3808
2,energy,pulpwood,hardwood,30,0.3812
2,energy,pulpwood,hardwood,31,0.3816
2,energy,pulpwood,hardwood,32,0.3819
2,energy,pulpwood,hardwood,33,0.3822
2,energy,pulpwood,hardwood,34,0.3825
2,energy,pulpwood,hardwood,35,0.3828
2,energy,pulpwood,hardwood,36,0.3830
2,energy,pulpwood,hardwood,37,0.3833
2,energy,pulpwood,hardwood,38,0.3835
2,energy,pulpwood,hardwood,39,0.3836
2,energy,pulpwood,hardwood,40,0.3838
2,energy,pulpwood,hardwood,41,0.3840
2,energy,pulpwood,hardwood,42,0.3841
2,energy,pulpwood,hardwood,43,0.3842
2,energy,pulpwood,hardwood,44,0.3843
2,energy,pulpwood,hardwood,45,0.3844
2,energy,pulpwood,hardwood,46,0.3845
2,energy,pulpwood,hardwood,47,0.3845
2,energy,pulpwood,hardwood,48,0.3846
2,energy,pulpwood,hardwood,49,0.3846
2,energy,pulpwood,hardwood,50,0.3846
2,energy,pulpwood,hardwood,51,0.3846
2,energy,pulpwood,hardwood,52,0.3846
2,energy,pulpwood,hardwood,53,0.3846
2,energy,pulpwood,hardwood,54,0.3846
2,energy,pulpwood,hardwood,55,0.3846
2,energy,pulpwood,hardwood,56,0.3846
2,energy,pulpwood,hardwood,57,0.3846
2,energy,pulpwood,hardwood,58,0.3846
2,energy,pulpwood,hardwood,59,0.3846
2,energy,pulpwood,hardwood,60,0.3846
2,energy,pulpwood,hardwood,61,0.3846
2,energy,pulpwood,hardwood,62,0.3846
2,energy,pulpwood,hardwood,63,0.3846
2,energy,pulpwood,hardwood,64,0.3846
2,energy,pulpwood,hardwood,65,0.3846
2,energy,pulpwood,hardwood,66,0.3846
2,energy,pulpwood,hardwood,67,0.3846
2,energy,pulpwood,hardwood,68,0.3846
2,energy,pulpwood,hardwood,69,0.3846
2,energy,pulpwood,hardwood,70,0.3846
2,energy,pulpwood,hardwood,71,0.3846
2,energy,pulpwood,hardwood,72,0.3846
2,energy,pulpwood,hardwood,73,0.3846
2,energy,pulpwood,hardwood,74,0.3846
2,energy,pulpwood,hardwood,75,0.3846
2,energy,pulpwood,hardwood,76,0.3846
2,energy,pulpwood,hardwood,77,0.3846
2,energy,pulpwood,hardwood,78,0.3846
2,energy,pulpwood,hardwood,79,0.3846
2,energy,pulpwood,hardwood,80,0.3846
2,energy,pulpwood,hardwood,81,0.3846
2,energy,pulpwood,hardwood,82,0.3846
2,energy,pulpwood,hardwood,83,0.3846
2,energy,pulpwood,hardwood,84,0.3846
2,energy,pulpwood,hardwood,85,0.3846
2,energy,pulpwood,hardwood,86,0.3846
2,energy,pulpwood,hardwood,87,0.3846
2,energy,pulpwood,hardwood,88,0.3846
2,energy,pulpwood,hardwood,89,0.3846
2,energy,pulpwood,hardwood,90,0.3846
2,energy,pulpwood,hardwood,91,0.3846
2,energy,pulpwood,hardwood,92,0.3846
2,energy,pulpwood,hardwood,93,0.3846
2,energy,pulpwood,hardwood,94,0.3846
2,energy,pulpwood,hardwood,95,0.3846
2,energy,pulpwood,hardwood,96,0.3846
2,energy,pulpwood,hardwood,97,0.3846
2,energy,pulpwood,hardwood,98,0.3846
2,energy,pulpwood,hardwood,99,0.3846
2,energy,pulpwood,hardwood,100,0.3846
2,energy,pulpwood,hardwood,101,0.3846
2,in_use,sawtimber,hardwood,1,0.6092
2,in_use,sawtimber,hardwood,2,0.5650
2,in_use,sawtimber,hardwood,3,0.5259
2,in_use,sawtimber,hardwood,4,0.4908
2,in_use,sawtimber,hardwood,5,0.4592
2,in_use,sawtimber,hardwood,6,0.4308
2,in_use,sawtimber,hardwood,7,0.4048
2,in_use,sawtimber,hardwood,8,0.3811
2,in_use,sawtimber,hardwood,9,0.3593
2,in_use,sawtimber,hardwood,10,0.3391
2,in_use,sawtimber,hardwood,11,0.3208
2,in_use,sawtimber,hardwood,12,0.3042
2,in_use,sawtimber,hardwood,13,0.2893
2,in_use,sawtimber,hardwood,14,0.2757
2,in_use,sawtimber,hardwood,15,0.2633
2,in_use,sawtimber,hardwood,16,0.2520
2,in_use,sawtimber,hardwood,17,0.2416
2,in_use,sawtimber,hardwood,18,0.2320
2,in_use,sawtimber,hardwood,19,0.2230
2,in_use,sawtimber,hardwood,20,0.2146
2,in_use,sawtimber,hardwood,21,0.2068
2,in_use,sawtimber,hardwood,22,0.1996
2,in_use,sawtimber,hardwood,23,0.1927
2,in_use,sawtimber,hardwood,24,0.1863
2,in_use,sawtimber,hardwood,25,0.1803
2,in_use,sawtimber,hardwood,26,0.1746
2,in_use,sawtimber,hardwood,27,0.1692
2,in_use,sawtimber,hardwood,28,0.1640
2,in_use,sawtimber,hardwood,29,0.1592
2,in_use,sawtimber,hardwood,30,0.1545
2,in_use,sawtimber,hardwood,31,0.1501
2,in_use,sawtimber,hardwood,32,0.1459
2,in_use,sawtimber,hardwood,33,0.1419
2,in_use,sawtimber,hardwood,34,0.1380
2,in_use,sawtimber,hardwood,35,0.1343
2,in_use,sawtimber,hardwood,36,0.1308
2,in_use,sawtimber,hardwood,37,0.1274
2,in_use,sawtimber,hardwood,38,0.1242
2,in_use,sawtimber,hardwood,39,0.1210
2,in_use,sawtimber,hardwood,40,0.1180
2,in_use,sawtimber,hardwood,41,0.1152
2,in_use,sawtimber,hardwood,42,0.1124
2,in_use,sawtimber,hardwood,43,0.1097
2,in_use,sawtimber,hardwood,44,0.1071
2,in_use,sawtimber,hardwood,45,0.1046
2,in_use,sawtimber,hardwood,46,0.1022
2,in_use,sawtimber,hardwood,47,0.0999
2,in_use,sawtimber,hardwood,48,0.0977
2,in_use,sawtimber,hardwood,49,0.0955
2,in_use,sawtimber,hardwood,50,0.0934
2,in_use,sawtimber,hardwood,51,0.0914
2,in_use,sawtimber,hardwood,52,0.0894
2,in_use,sawtimber,hardwood,53,0.0875
2,in_use,sawtimber,hardwood,54,0.0856
2,in_use,sawtimber,hardwood,55,0.0838
2,in_use,sawtimber,hardwood,56,0.0821
2,in_use,sawtimber,hardwood,57,0.0804
2,in_use,sawtimber,hardwood,58,0.0788
2,in_use,sawtimber,hardwood,59,0.0772
2,in_use,sawtimber,hardwood,60,0.0756
2,in_use,sawtimber,hardwood,61,0.0741
2,in_use,sawtimber,hardwood,62,0.0726
2,in_use,sawtimber,hardwood,63,0.0712
2,in_use,sawtimber,hardwood,64,0.0698
2,in_use,sawtimber,hardwood,65,0.0685
2,in_use,sawtimber,hardwood,66,0.0672
2,in_use,sawtimber,hardwood,67,0.0659
2,in_use,sawtimber,hardwood,68,0.0646
2,in_use,sawtimber,hardwood,69,0.0634
2,in_use,sawtimber,hardwood,70,0.0623
2,in_use,sawtimber,hardwood,71,0.0611
2,in_use,sawtimber,hardwood,72,0.0600
2,in_use,sawtimber,hardwood,73,0.0589
2,in_use,sawtimber,hardwood,74,0.0578
2,in_use,sawtimber,hardwood,75,0.0568
2,in_use,sawtimber,hardwood,76,0.0558
2,in_use,sawtimber,hardwood,77,0.0548
2,in_use,sawtimber,hardwood,78,0.0538
2,in_use,sawtimber,hardwood,79,0.0528
2,in_use,sawtimber,hardwood,80,0.0519
2,in_use,sawtimber,hardwood,81,0.0510
2,in_use,sawtimber,hardwood,82,0.0501
2,in_use,sawtimber,hardwood,83,0.0493
2,in_use,sawtimber,hardwood,84,0.0484
2,in_use,sawtimber,hardwood,85,0.0476
2,in_use,sawtimber,hardwood,86,0.0468
2,in_use,sawtimber,hardwood,87,0.0460
2,in_use,sawtimber,hardwood,88,0.0453
2,in_use,sawtimber,hardwood,89,0.0445
2,in_use,sawtimber,hardwood,90,0.0438
2,in_use,sawtimber,hardwood,91,0.0430
2,in_use,sawtimber,hardwood,92,0.0423
2,in_use,sawtimber,hardwood,93,0.0417
2,in_use,sawtimber,hardwood,94,0.0410
2,in_use,sawtimber,hardwood,95,0.0403
2,in_use,sawtimber,hardwood,96,0.0397
2,in_use,sawtimber,hardwood,97,0.0390
2,in_use,sawtimber,hardwood,98,0.0384
2,in_use,sawtimber,hardwood,99,0.0378
2,in_use,sawtimber,hardwood,100,0.0372
2,in_use,sawtimber,hardwood,101,0.0366
2,landfill,sawtimber,hardwood,1,0.0000
2,landfill,sawtimber,hardwood,2,0.0248
2,landfill,sawtimber,hardwood,3,0.0466
2,landfill,sawtimber,hardwood,4,0.0661
2,landfill,sawtimber,hardwood,5,0.0835
2,landfill,sawtimber,hardwood,6,0.0990
2,landfill,sawtimber,hardwood,7,0.1130
2,landfill,sawtimber,hardwood,8,0.1256
2,landfill,sawtimber,hardwood,9,0.1370
2,landfill,sawtimber,hardwood,10,0.1473
2,landfill,sawtimber,hardwood,11,0.1566
2,landfill,sawtimber,hardwood,12,0.1649
2,landfill,sawtimber,hardwood,13,0.1723
2,landfill,sawtimber,hardwood,14,0.1790
2,landfill,sawtimber,hardwood,15,0.1850
2,landfill,sawtimber,hardwood,16,0.1903
2,landfill,sawtimber,hardwood,17,0.1952
2,landfill,sawtimber,hardwood,18,0.1996
2,landfill,sawtimber,hardwood,19,0.2036
2,landfill,sawtimber,hardwood,20,0.2073
2,landfill,sawtimber,hardwood,21,0.2107
2,landfill,sawtimber,hardwood,22,0.2138
2,landfill,sawtimber,hardwood,23,0.2166
2,landfill,sawtimber,hardwood,24,0.2192
2,landfill,sawtimber,hardwood,25,0.2216
2,landfill,sawtimber,hardwood,26,0.2238
2,landfill,sawtimber,hardwood,27,0.2259
2,landfill,sawtimber,hardwood,28,0.2278
2,landfill,sawtimber,hardwood,29,0.2296
2,landfill,sawtimber,hardwood,30,0.2313
2,landfill,sawtimber,hardwood,31,0.2328
2,landfill,sawtimber,hardwood,32,0.2343
2,landfill,sawtimber,hardwood,33,0.2356
2,landfill,sawtimber,hardwood,34,0.2369
2,landfill,sawtimber,hardwood,35,0.2381
2,landfill,sawtimber,hardwood,36,0.2392
2,landfill,sawtimber,hardwood,37,0.2403
2,landfill,sawtimber,hardwood,38,0.2413
2,landfill,sawtimber,hardwood,39,0.2423
2,landfill,sawtimber,hardwood,40,0.2432
2,landfill,sawtimber,hardwood,41,0.2441
2,landfill,sawtimber,hardwood,42,0.2449
2,landfill,sawtimber,hardwood,43,0.2457
2,landfill,sawtimber,hardwood,44,0.2465
2,landfill,sawtimber,hardwood,45,0.2472
2,landfill,sawtimber,hardwood,46,0.2479
2,landfill,sawtimber,hardwood,47,0.2485
2,landfill,sawtimber,hardwood,48,0.2492
2,landfill,sawtimber,hardwood,49,0.2498
2,landfill,sawtimber,hardwood,50,0.2504
2,landfill,sawtimber,hardwood,51,0.2510
2,landfill,sawtimber,hardwood,52,0.2515
2,landfill,sawtimber,hardwood,53,0.2521
2,landfill,sawtimber,hardwood,54,0.2526
2,landfill,sawtimber,hardwood,55,0.2531
2,landfill,sawtimber,hardwood,56,0.2536
2,landfill,sawtimber,hardwood,57,0.2540
2,landfill,sawtimber,hardwood,58,0.2545
2,landfill,sawtimber,hardwood,59,0.2550
2,landfill,sawtimber,hardwood,60,0.2554
2,landfill,sawtimber,hardwood,61,0.2558
2,landfill,sawtimber,hardwood,62,0.2562
2,landfill,sawtimber,hardwood,63,0.2566
2,landfill,sawtimber,hardwood,64,0.2570
2,landfill,sawtimber,hardwood,65,0.2574
2,landfill,sawtimber,hardwood,66,0.2578
2,landfill,sawtimber,hardwood,67,0.2582
2,landfill,sawtimber,hardwood,68,0.2585
2,landfill,sawtimber,hardwood,69,0.2589
2,landfill,sawtimber,hardwood,70,0.2592
2,landfill,sawtimber,hardwood,71,0.2596
2,landfill,sawtimber,hardwood,72,0.2599
2,landfill,sawtimber,hardwood,73,0.2602
2,landfill,sawtimber,hardwood,74,0.2605
2,landfill,sawtimber,hardwood,75,0.2609
2,landfill,sawtimber,hardwood,76,0.2612
2,landfill,sawtimber,hardwood,77,0.2615
2,landfill,sawtimber,hardwood,78,0.2618
2,landfill,sawtimber,hardwood,79,0.2620
2,landfill,sawtimber,hardwood,80,0.2623
2,landfill,sawtimber,hardwood,81,0.2626
2,landfill,sawtimber,hardwood,82,0.2629
2,landfill,sawtimber,hardwood,83,0.2632
2,landfill,sawtimber,hardwood,84,0.2634
2,landfill,sawtimber,hardwood,85,0.2637
2,landfill,sawtimber,hardwood,86,0.2639
2,landfill,sawtimber,hardwood,87,0.2642
2,landfill,sawtimber,hardwood,88,0.2645
2,landfill,sawtimber,hardwood,89,0.2647
2,landfill,sawtimber,hardwood,90,0.2649
2,landfill,sawtimber,hardwood,91,0.2652
2,landfill,sawtimber,hardwood,92,0.2654
2,landfill,sawtimber,hardwood,93,0.2656
2,landfill,sawtimber,hardwood,94,0.2659
2,landfill,sawtimber,hardwood,95,0.2661
2,landfill,sawtimber,hardwood,96,0.2663
2,landfill,sawtimber,hardwood,97,0.2665
2,landfill,sawtimber,hardwood,98,0.2667
2,landfill,sawtimber,hardwood,99,0.2669
2,landfill,sawtimber,hardwood,100,0.2671
2,landfill,sawtimber,hardwood,101,0.2673
2,energy,sawtimber,hardwood,1,0.2247
2,energy,sawtimber,hardwood,2,0.2343
2,energy,sawtimber,hardwood,3,0.2433
2,energy,sawtimber,hardwood,4,0.2515
2,energy,sawtimber,hardwood,5,0.2590
2,energy,sawtimber,hardwood,6,0.2657
2,energy,sawtimber,hardwood,7,0.2720
2,energy,sawtimber,hardwood,8,0.2777
2,energy,sawtimber,hardwood,9,0.2831
2,energy,sawtimber,hardwood,10,0.2881
2,energy,sawtimber,hardwood,11,0.2927
2,energy,sawtimber,hardwood,12,0.2969
2,energy,sawtimber,hardwood,13,0.3007
2,energy,sawtimber,hardwood,14,0.3041
2,energy,sawtimber,hardwood,15,0.3072
2,energy,sawtimber,hardwood,16,0.3101
2,energy,sawtimber,hardwood,17,0.3128
2,energy,sawtimber,hardwood,18,0.3153
2,energy,sawtimber,hardwood,19,0.3176
2,energy,sawtimber,hardwood,20,0.3199
2,energy,sawtimber,hardwood,21,0.3219
2,energy,sawtimber,hardwood,22,0.3239
2,energy,sawtimber,hardwood,23,0.3257
2,energy,sawtimber,hardwood,24,0.3274
2,energy,sawtimber,hardwood,25,0.3291
2,energy,sawtimber,hardwood,26,0.3306
2,energy,sawtimber,hardwood,27,0.3321
2,energy,sawtimber,hardwood,28,0.3336
2,energy,sawtimber,hardwood,29,0.3349
2,energy,sawtimber,hardwood,30,0.3362
2,energy,sawtimber,hardwood,31,0.3374
2,energy,sawtimber,hardwood,32,0.3386
2,energy,sawtimber,hardwood,33,0.3397
2,energy,sawtimber,hardwood,34,0.3408
2,energy,sawtimber,hardwood,35,0.3418
2,energy,sawtimber,hardwood,36,0.3428
2,energy,sawtimber,hardwood,37,0.3437
2,energy,sawtimber,hardwood,38,0.3446
2,energy,sawtimber,hardwood,39,0.3455
2,energy,sawtimber,hardwood,40,0.3463
2,energy,sawtimber,hardwood,41,0.3471
2,energy,sawtimber,hardwood,42,0.3479
2,energy,sawtimber,hardwood,43,0.3486
2,energy,sawtimber,hardwood,44,0.3493
2,energy,sawtimber,hardwood,45,0.3499
2,energy,sawtimber,hardwood,46,0.3505
2,energy,sawtimber,hardwood,47,0.3511
2,energy,sawtimber,hardwood,48,0.3517
2,energy,sawtimber,hardwood,49,0.3523
2,energy,sawtimber,hardwood,50,0.3528
2,energy,sawtimber,hardwood,51,0.3533
2,energy,sawtimber,hardwood,52,0.3537
2,energy,sawtimber,hardwood,53,0.3542
2,energy,sawtimber,hardwood,54,0.3546
2,energy,sawtimber,hardwood,55,0.3550
2,energy,sawtimber,hardwood,56,0.3554
2,energy,sawtimber,hardwood,57,0.3558
2,energy,sawtimber,hardwood,58,0.3562
2,energy,sawtimber,hardwood,59,0.3565
2,energy,sawtimber,hardwood,60,0.3568
2,energy,sawtimber,hardwood,61,0.3571
2,energy,sawtimber,hardwood,62,0.3574
2,energy,sawtimber,hardwood,63,0.3577
2,energy,sawtimber,hardwood,64,0.3580
2,energy,sawtimber,hardwood,65,0.3582
2,energy,sawtimber,hardwood,66,0.3585
2,energy,sawtimber,hardwood,67,0.3587
2,energy,sawtimber,hardwood,68,0.3589
2,energy,sawtimber,hardwood,69,0.3591
2,energy,sawtimber,hardwood,70,0.3593
2,energy,sawtimber,hardwood,71,0.3594
2,energy,sawtimber,hardwood,72,0.3596
2,energy,sawtimber,hardwood,73,0.3598
2,energy,sawtimber,hardwood,74,0.3599
2,energy,sawtimber,hardwood,75,0.3600
2,energy,sawtimber,hardwood,76,0.3602
2,energy,sawtimber,hardwood,77,0.3603
2,energy,sawtimber,hardwood,78,0.3604
2,energy,sawtimber,hardwood,79,0.3605
2,energy,sawtimber,hardwood,80,0.3606
2,energy,sawtimber,hardwood,81,0.3607
2,energy,sawtimber,hardwood,82,0.3608
2,energy,sawtimber,hardwood,83,0.3608
2,energy,sawtimber,hardwood,84,0.3609
2,energy,sawtimber,hardwood,85,0.3609
2,energy,sawtimber,hardwood,86,0.3610
2,energy,sawtimber,hardwood,87,0.3610
2,energy,sawtimber,hardwood,88,0.3611
2,energy,sawtimber,hardwood,89,0.3611
2,energy,sawtimber,hardwood,90,0.3611
2,energy,sawtimber,hardwood,91,0.3612
2,energy,sawtimber,hardwood,92,0.3612
2,energy,sawtimber,hardwood,93,0.3612
2,energy,sawtimber,hardwood,94,0.3612
2,energy,sawtimber,hardwood,95,0.3612
2,energy,sawtimber,hardwood,96,0.3612
2,energy,sawtimber,hardwood,97,0.3612
2,energy,sawtimber,hardwood,98,0.3612
2,energy,sawtimber,hardwood,99,0.3612
2,energy,sawtimber,hardwood,100,0.3612
2,energy,sawtimber,hardwood,101,0.3612
